,LapTimeZScore,IsPitLap,Compound,TyreLife,FreshTyre,LapNumber,AirTemp,Humidity,Pressure,Rainfall,TrackTemp,WindDirection,WindSpeed,CompoundNumeric
0,-0.18232046739413968,False,C3,1,True,1,28.9,52,991.7,False,34.6,111,2.0,3
1,-0.14245431135272965,False,C3,2,True,2,28.9,51,991.5,False,34.6,149,4.1,3
2,-0.12020605996418005,False,C3,3,True,3,28.9,50,991.5,False,34.7,105,4.5,3
3,-0.04250658303361166,False,C3,4,True,4,29.0,50,991.4,False,34.8,108,4.0,3
4,-0.009868285311323435,False,C3,5,True,5,29.1,50,991.5,False,34.7,112,6.4,3
5,-0.014837437905721491,False,C3,6,True,6,28.9,50,991.2,False,34.7,110,6.6,3
6,-0.07266030445870246,False,C3,7,True,7,28.8,51,991.4,False,35.1,104,6.0,3
7,-0.014385696760775776,False,C3,8,True,8,28.9,50,991.5,False,35.2,113,5.3,3
8,-0.06159264640754447,False,C3,9,True,9,29.0,50,991.4,False,35.3,112,7.5,3
9,-0.05255782350864139,False,C3,10,True,10,29.1,51,991.2,False,35.6,99,7.0,3
10,-0.042280712461139604,False,C3,11,True,11,29.2,51,991.4,False,35.8,104,6.0,3
11,0.006055590047992574,False,C3,12,True,12,29.2,50,991.2,False,36.0,112,3.2,3
12,-0.031890666127400984,True,C3,13,True,13,29.3,48,991.4,False,36.4,124,5.3,3
13,2.163232492447384,False,C2,1,True,14,29.5,49,991.0,False,36.4,103,7.0,2
14,-0.060237422972708926,False,C2,2,True,15,29.5,50,991.0,False,36.2,94,6.8,2
15,-0.1188508365293445,False,C2,3,True,16,29.6,50,991.2,False,36.2,121,5.5,2
16,-0.05357424108476805,False,C2,4,True,17,29.4,49,991.0,False,35.6,101,5.6,2
17,1.8930912877701769,False,C2,5,True,18,29.4,49,991.0,False,35.6,92,4.9,2
18,2.1697827390490896,False,C2,9,True,22,29.9,47,990.7,False,36.3,109,4.5,2
19,-0.1783677323758699,False,C2,13,True,26,29.8,49,990.5,False,35.9,114,5.4,2
20,-0.16402495102386147,False,C2,14,True,27,29.7,50,990.4,False,35.3,108,6.0,2
21,-0.16029808657806374,False,C2,15,True,28,29.6,49,990.5,False,35.9,111,5.8,2
22,-0.21597518269255456,False,C2,16,True,29,29.8,49,990.5,False,35.8,112,5.3,2
23,-0.20027717790571062,False,C2,17,True,30,29.8,48,990.4,False,36.4,113,5.5,2
24,-0.17464086793007216,False,C2,18,True,31,29.8,48,990.2,False,35.7,109,5.1,2
25,-0.18288514382532223,False,C2,19,True,32,29.9,49,990.2,False,35.7,116,6.3,2
26,-0.13963092919682174,False,C2,20,True,33,29.6,48,990.4,False,35.6,119,6.1,2
27,-0.19372693130400495,False,C2,21,True,34,29.7,48,990.2,False,36.7,116,6.9,2
28,-0.18841897285089962,True,C2,22,True,35,29.4,48,990.2,False,36.8,101,6.6,2
29,2.795670095370614,False,C3,1,True,36,29.5,49,990.2,False,36.5,115,7.3,3
30,-0.3858298531919366,False,C3,2,True,37,29.5,49,990.2,False,36.0,105,5.3,3
31,-0.3101632114136215,False,C3,3,True,38,29.3,49,990.2,False,35.8,107,5.8,3
32,-0.2959333653478483,False,C3,4,True,39,29.4,50,990.2,False,35.7,108,5.6,3
33,-0.3217955458959588,False,C3,5,True,40,29.6,49,990.0,False,36.6,150,7.0,3
34,-0.3252965397692845,False,C3,6,True,41,30.1,47,990.2,False,37.1,115,5.1,3
35,-0.3328632039471152,False,C3,7,True,42,30.4,46,990.2,False,37.5,108,4.6,3
36,-0.3592900609264083,False,C3,8,True,43,30.6,45,989.9,False,37.3,108,6.0,3
37,-0.28768908945259986,False,C3,9,True,44,30.3,45,990.0,False,37.5,103,8.5,3
38,-0.3355736508167863,False,C3,10,True,45,30.3,46,990.0,False,37.5,99,8.6,3
39,-0.3402039975524755,False,C3,11,True,46,30.5,46,990.0,False,37.5,130,5.4,3
40,-0.32744231020777304,False,C3,12,True,47,30.5,46,990.0,False,37.2,104,6.5,3
41,-0.3033870942394438,False,C3,13,True,48,30.5,47,990.0,False,36.9,142,4.6,3
42,-0.30801744097513134,False,C3,14,True,49,30.6,46,990.0,False,37.2,106,4.5,3
43,-0.2402562692333575,False,C3,15,True,50,30.5,46,989.9,False,36.7,100,4.3,3
44,-0.31682639330156237,False,C3,16,True,51,30.4,46,990.0,False,36.8,106,5.8,3
45,-0.28531744844163764,False,C3,17,True,52,30.6,46,990.2,False,37.7,109,5.5,3
46,-0.30045077679730064,False,C3,18,True,53,30.7,46,990.0,False,38.1,110,5.3,3
47,-0.3150194287217811,False,C3,19,True,54,30.5,46,990.0,False,38.1,119,5.1,3
48,-0.2578741738862179,False,C3,20,True,55,30.5,45,989.9,False,37.9,99,4.4,3
49,-0.2601328796109449,False,C3,21,True,56,30.2,45,989.7,False,37.8,102,5.0,3
50,0.2705176556313311,False,C3,1,True,1,28.9,52,991.7,False,34.6,111,2.0,3
51,-0.17072050769385688,False,C3,2,True,2,28.9,51,991.5,False,34.6,149,4.1,3
52,-0.27224933002028245,False,C3,3,True,3,28.9,50,991.5,False,34.7,105,4.5,3
53,-0.27575032389360815,False,C3,4,True,4,29.0,50,991.5,False,34.7,106,5.8,3
54,0.04769633588712936,False,C3,5,True,5,29.1,50,991.5,False,34.7,112,6.4,3
55,-0.1776095601542714,False,C3,6,True,6,28.9,50,991.2,False,34.7,110,6.6,3
56,-0.2720234594478104,False,C3,7,True,7,28.8,51,991.4,False,35.1,104,6.0,3
57,-0.15999165550140937,False,C3,8,True,8,28.9,50,991.2,False,35.3,106,5.3,3
58,-0.11222002942345813,False,C3,9,True,9,29.0,50,991.4,False,35.3,112,7.5,3
59,-0.2013259702638918,False,C3,10,True,10,29.1,51,991.2,False,35.6,99,7.0,3
60,-0.1902583122127354,True,C3,11,True,11,29.1,51,991.4,False,35.9,103,4.5,3
61,1.9125967175069993,False,C2,2,False,12,29.3,48,991.4,False,36.0,106,4.9,2
62,-0.24898466105560618,False,C2,3,False,13,29.5,49,991.0,False,36.4,94,4.4,2
63,-0.25632545466096646,False,C2,4,False,14,29.5,49,991.0,False,36.4,103,7.0,2
64,-0.23023740354038227,False,C2,5,False,15,29.5,50,991.0,False,36.2,94,6.8,2
65,-0.2410791910190666,False,C2,6,False,16,29.5,50,991.0,False,36.0,107,4.4,2
66,-0.2739433593138269,False,C2,7,False,17,29.5,49,991.0,False,35.4,106,4.5,2
67,2.5370159151074527,False,C2,8,False,18,29.4,48,991.0,False,35.7,102,7.1,2
68,3.950175151782161,False,C2,9,False,19,29.5,48,991.0,False,35.5,104,5.9,2
69,2.5338537270928376,False,C2,12,False,22,29.9,47,990.7,False,36.3,109,4.5,2
70,-0.2033588054161451,False,C2,16,False,26,29.8,49,990.5,False,35.9,114,5.4,2
71,-0.29133539339421527,False,C2,17,False,27,29.7,50,990.4,False,35.3,108,6.0,2
72,-0.197373235245622,False,C2,18,False,28,29.6,49,990.5,False,35.9,111,5.8,2
73,-0.35717666526997427,False,C2,19,False,29,29.8,49,990.5,False,35.8,112,5.3,2
74,-0.2906577816767991,False,C2,20,False,30,29.8,48,990.4,False,36.4,113,5.5,2
75,-0.3366224431749691,False,C2,21,False,31,29.8,48,990.2,False,35.7,109,5.1,2
76,-0.33086274357691803,True,C2,22,False,32,29.6,49,990.5,False,35.6,124,4.6,2
77,2.5716870479819924,False,C2,2,False,33,29.6,47,990.2,False,36.2,95,5.8,2
78,-0.39196073343075105,False,C2,3,False,34,29.7,48,990.2,False,36.7,116,6.9,2
79,-0.415677143540373,False,C2,4,False,35,29.5,48,990.2,False,36.6,99,8.1,2
80,-0.39252540986193196,False,C2,5,False,36,29.6,49,990.2,False,36.5,88,6.3,2
81,-0.3970428213113843,False,C2,6,False,37,29.3,49,990.2,False,35.9,105,5.4,2
82,-0.32860403785219267,False,C2,7,False,38,29.3,49,990.2,False,35.8,107,5.8,2
83,-0.39964033289481854,False,C2,8,False,39,29.4,49,990.2,False,35.8,100,5.5,2
84,-0.4077716735038318,False,C2,9,False,40,29.8,48,990.0,False,36.9,106,5.6,2
85,-0.38292591053184794,False,C2,10,False,41,30.1,47,990.2,False,37.1,115,5.1,2
86,-0.37185825248069154,False,C2,11,False,42,30.4,46,990.2,False,37.5,81,2.2,2
87,-0.3875562572675355,False,C2,12,False,43,30.6,45,990.0,False,37.3,95,7.9,2
88,-0.42934231317496363,False,C2,13,False,44,30.3,46,990.0,False,37.5,99,8.6,2
89,-0.35424034782782954,False,C2,14,False,45,30.4,46,990.0,False,37.5,100,6.6,2
90,-0.3941065038692412,False,C2,15,False,46,30.5,46,990.2,False,37.5,105,3.7,2
91,-0.3741169582054169,False,C2,16,False,47,30.5,47,990.0,False,36.9,142,4.6,2
92,-0.41387017896059175,False,C2,17,False,48,30.6,47,990.0,False,37.2,127,4.1,2
93,-0.43408559519688805,False,C2,18,False,49,30.5,46,990.0,False,36.8,101,3.7,2
94,-0.4453791238205165,False,C2,19,False,50,30.4,46,990.0,False,36.8,106,5.8,2
95,-0.35107815981321433,False,C2,20,False,51,30.5,46,990.0,False,37.2,95,4.6,2
96,-0.30511349831504275,False,C2,21,False,52,30.6,46,990.0,False,38.1,106,4.8,2
97,-0.20753741100688855,False,C2,22,False,53,30.6,46,990.0,False,38.1,105,5.3,2
98,-0.25474436065365724,False,C2,23,False,54,30.5,45,989.9,False,37.9,99,4.4,2
99,-0.4899885618838509,False,C2,24,False,55,30.3,45,990.0,False,37.9,102,4.6,2
100,-0.4042706796305061,False,C2,25,False,56,30.1,46,990.0,False,37.7,107,7.8,2
101,0.46363097188011937,False,C3,1,True,1,28.9,52,991.7,False,34.6,111,2.0,3
102,-0.027637523247745203,False,C3,2,True,2,28.9,51,991.5,False,34.6,149,4.1,3
103,-0.10703102947185801,False,C3,3,True,3,28.9,50,991.5,False,34.7,105,4.5,3
104,-0.08342755464847286,False,C3,4,True,4,29.0,50,991.5,False,34.7,106,5.8,3
105,0.04215648364628198,False,C3,5,True,5,29.1,50,991.5,False,34.7,112,6.4,3
106,-0.07518327875322439,False,C3,6,True,6,28.9,50,991.2,False,34.7,110,6.6,3
107,-0.07676437276053198,False,C3,7,True,7,28.8,51,991.4,False,35.1,104,6.0,3
108,-0.038705181298901596,False,C3,8,True,8,28.9,50,991.5,False,35.2,113,5.3,3
109,-0.027072846816564265,False,C3,9,True,9,29.0,50,991.4,False,35.3,112,7.5,3
110,-0.010923100884774594,False,C3,10,True,10,29.1,51,991.2,False,35.6,99,7.0,3
111,0.00070923359756434,False,C3,11,True,11,29.1,51,991.4,False,35.9,103,4.5,3
112,0.01234156807990167,False,C3,12,True,12,29.2,50,991.2,False,36.0,112,3.2,3
113,0.03718733105188553,False,C3,13,True,13,29.3,48,991.4,False,36.4,124,5.3,3
114,-0.06863303215151874,True,C3,14,True,14,29.5,49,991.0,False,36.4,103,7.0,3
115,2.116664756520709,False,C2,1,True,15,29.5,50,991.0,False,36.2,94,6.8,2
116,-0.16553150774225675,False,C2,2,True,16,29.5,50,991.0,False,36.0,107,4.4,2
117,-0.10217481216369678,False,C2,3,True,17,29.4,49,991.0,False,35.6,101,5.6,2
118,1.9129295001504398,False,C2,4,True,18,29.4,49,991.0,False,35.6,92,4.9,2
119,2.239199542087085,False,C2,8,True,22,29.9,47,990.7,False,36.3,109,4.5,2
120,-0.11595291708452425,False,C2,12,True,26,29.8,49,990.5,False,35.9,114,5.4,2
121,-0.18168125367404642,False,C2,13,True,27,29.7,50,990.4,False,35.3,108,6.0,2
122,-0.19658871145723578,False,C2,14,True,28,29.6,49,990.5,False,35.9,111,5.8,2
123,-0.1248748046971921,False,C2,15,True,29,29.8,49,990.5,False,35.8,112,5.3,2
124,-0.0031305661344702296,False,C2,16,True,30,29.8,48,990.4,False,36.4,113,5.5,2
125,-0.19128075300413044,False,C2,17,True,31,29.8,48,990.2,False,35.7,109,5.1,2
126,-0.13334495116491424,False,C2,18,True,32,29.9,49,990.2,False,35.7,116,6.3,2
127,-0.15514146140851814,False,C2,19,True,33,29.6,48,990.4,False,35.6,119,6.1,2
128,-0.2058494049286125,False,C2,20,True,34,29.7,48,990.2,False,36.7,116,6.9,2
129,-0.16666086060462024,False,C2,21,True,35,29.4,48,990.2,False,36.8,101,6.6,2
130,-0.13232853358878757,False,C2,22,True,36,29.5,49,990.2,False,36.5,115,7.3,2
131,-0.19884741718196275,False,C2,23,True,37,29.5,49,990.2,False,36.0,105,5.3,2
132,-0.21996631570814887,True,C2,24,True,38,29.3,49,990.2,False,35.8,107,5.8,2
133,1.990177235936064,False,C3,1,True,39,29.4,49,990.2,False,35.8,100,5.5,3
134,-0.3683632818226343,False,C3,2,True,40,29.6,49,990.0,False,36.6,150,7.0,3
135,-0.35131005360095474,False,C3,3,True,41,30.1,47,990.2,False,37.1,115,5.1,3
136,-0.42471798965454444,False,C3,4,True,42,30.4,46,990.2,False,37.5,81,2.2,3
137,-0.3971617798128895,False,C3,5,True,43,30.6,45,989.9,False,37.3,108,6.0,3
138,-0.43533390656075516,False,C3,6,True,44,30.3,45,990.0,False,37.5,103,8.5,3
139,-0.35097124774224586,False,C3,7,True,45,30.4,46,990.0,False,37.5,100,6.6,3
140,-0.35153592417342683,False,C3,8,True,46,30.5,46,990.0,False,37.5,130,5.4,3
141,-0.3932090447946181,False,C3,9,True,47,30.5,46,990.0,False,37.2,104,6.5,3
142,-0.3812379044535719,False,C3,10,True,48,30.6,47,990.0,False,37.2,127,4.1,3
143,-0.3769463635765932,False,C3,11,True,49,30.6,46,990.0,False,37.2,106,4.5,3
144,-0.3038772333817124,False,C3,12,True,50,30.5,46,989.9,False,36.7,100,4.3,3
145,-0.32827125520875217,False,C3,13,True,51,30.5,46,990.0,False,37.2,95,4.6,3
146,-0.28942151674346717,False,C3,14,True,52,30.6,46,990.2,False,37.7,109,5.5,3
147,-0.3138155385705069,False,C3,15,True,53,30.7,46,990.0,False,38.1,110,5.3,3
148,-0.3042160392404213,False,C3,16,True,54,30.5,46,990.0,False,38.1,119,5.1,3
149,-0.3370802075351816,False,C3,17,True,55,30.5,45,989.9,False,37.9,99,4.4,3
150,-0.2987951455010791,False,C3,18,True,56,30.2,45,989.7,False,37.8,102,5.0,3
151,0.499158762337413,False,C2,1,True,1,28.9,52,991.5,False,34.6,92,3.9,2
152,-0.12006541209616858,False,C2,2,True,2,28.9,51,991.5,False,34.6,149,4.1,2
153,-0.20341165333855118,False,C2,3,True,3,28.9,50,991.5,False,34.7,105,4.5,2
154,-0.19889424188910046,False,C2,4,True,4,29.0,50,991.5,False,34.7,106,5.8,2
155,-0.15394599796705713,False,C2,5,True,5,29.0,50,991.5,False,34.6,103,7.0,2
156,-0.20295991219360707,False,C2,6,True,6,28.9,50,991.2,False,34.7,110,6.6,2
157,-0.2292738338866617,False,C2,7,True,7,28.8,51,991.4,False,35.1,104,6.0,2
158,-0.18827832498288818,False,C2,8,True,8,28.9,50,991.2,False,35.3,106,5.3,2
159,-0.20679971192564003,False,C2,9,True,9,29.0,50,991.4,False,35.3,112,7.5,2
160,-0.1848902663957993,False,C2,10,True,10,29.1,51,991.2,False,35.6,99,7.0,2
161,-0.18150220780871207,False,C2,11,True,11,29.1,51,991.4,False,35.9,103,4.5,2
162,-0.16444897958703097,False,C2,12,True,12,29.3,48,991.4,False,36.0,106,4.9,2
163,-0.16241614443477767,False,C2,13,True,13,29.3,48,991.4,False,36.4,124,5.3,2
164,-0.2641708373336769,False,C2,14,True,14,29.5,49,991.0,False,36.4,103,7.0,2
165,-0.2595404905979877,False,C2,15,True,15,29.5,50,991.0,False,36.2,94,6.8,2
166,-0.1911017071387961,False,C2,16,True,16,29.5,50,991.0,False,36.0,107,4.4,2
167,-0.21030070579896573,False,C2,17,True,17,29.4,49,991.0,False,35.6,101,5.6,2
168,1.9097204874286868,True,C2,18,True,18,29.4,49,991.0,False,35.6,92,4.9,2
169,4.826951866198316,False,C3,3,True,21,30.0,47,990.7,False,36.7,99,6.0,3
170,3.6637184179645192,True,C3,4,True,22,29.9,47,990.7,False,36.3,109,4.5,3
171,3.868244221338443,False,C2,3,True,25,29.8,49,990.7,False,36.2,108,6.3,2
172,-0.08957288481237051,False,C2,4,True,26,29.8,49,990.5,False,35.9,114,5.4,2
173,-0.14908978065889592,False,C2,5,True,27,29.7,50,990.4,False,35.3,108,6.0,2
174,-0.321654898027949,False,C2,6,True,28,29.6,49,990.5,False,35.9,111,5.8,2
175,-0.3030205757989603,False,C2,7,True,29,29.8,48,990.4,False,36.3,110,6.1,2
176,-0.26191213160894994,False,C2,8,True,30,29.8,48,990.4,False,36.4,113,5.5,2
177,-0.30934495182819227,False,C2,9,True,31,29.8,48,990.2,False,35.7,109,5.1,2
178,-0.3031335110851971,False,C2,10,True,32,29.6,49,990.5,False,35.6,124,4.6,2
179,-0.3424349906954262,False,C2,11,True,33,29.6,48,990.4,False,35.6,119,6.1,2
180,-0.35327677817410896,False,C2,12,True,34,29.7,48,990.2,False,36.7,116,6.9,2
181,-0.3632150833629035,False,C2,13,True,35,29.5,48,990.2,False,36.6,99,8.1,2
182,-0.346387725713696,False,C2,14,True,36,29.6,49,990.2,False,36.5,88,6.3,2
183,-0.37541209427642336,False,C2,15,True,37,29.5,49,990.2,False,36.0,105,5.3,2
184,-0.37575090013513224,False,C2,16,True,38,29.3,49,990.2,False,35.8,107,5.8,2
185,-0.3597140894895778,False,C2,17,True,39,29.4,49,990.2,False,35.8,100,5.5,2
186,-0.4141488974554699,False,C2,18,True,40,29.6,49,990.0,False,36.6,150,7.0,2
187,-0.3844469171753264,False,C2,19,True,41,30.1,47,990.2,False,37.1,115,5.1,2
188,-0.4139230268829978,False,C2,20,True,42,30.4,46,990.2,False,37.5,81,2.2,2
189,-0.40511407455656684,False,C2,21,True,43,30.6,45,990.0,False,37.3,95,7.9,2
190,-0.40319417469055036,False,C2,22,True,44,30.3,45,990.0,False,37.5,103,8.5,2
191,-0.48529812778433423,False,C2,23,True,45,30.4,46,990.0,False,37.5,100,6.6,2
192,-0.4610170412435313,False,C2,24,True,46,30.5,46,990.2,False,37.5,105,3.7,2
193,-0.4296210316698418,False,C2,25,True,47,30.5,46,990.0,False,37.2,104,6.5,2
194,-0.48258768091466314,False,C2,26,True,48,30.6,47,990.0,False,37.2,127,4.1,2
195,-0.4657603232654557,False,C2,27,True,49,30.5,46,990.0,False,36.8,101,3.7,2
196,-0.4686966407075988,False,C2,28,True,50,30.4,46,990.0,False,36.8,106,5.8,2
197,-0.507998120317828,False,C2,29,True,51,30.5,46,990.0,False,37.2,95,4.6,2
198,-0.4641792292581481,False,C2,30,True,52,30.6,46,990.0,False,38.1,106,4.8,2
199,-0.45559614750418914,False,C2,31,True,53,30.6,46,990.0,False,38.1,105,5.3,2
200,-0.4331220255431675,False,C2,32,True,54,30.5,46,990.0,False,38.1,119,5.1,2
201,-0.2771583952508498,False,C2,33,True,55,30.3,45,990.0,False,37.9,102,4.6,2
202,-0.4400110780035804,False,C2,34,True,56,30.1,46,990.0,False,37.7,107,7.8,2
203,0.7209404693351612,False,C3,1,True,1,28.9,52,991.5,False,34.6,92,3.9,3
204,0.11831778197831333,False,C3,2,True,2,28.9,51,991.5,False,34.6,149,4.1,3
205,0.03011532342776951,False,C3,3,True,3,28.9,50,991.5,False,34.7,105,4.5,3
206,0.1177531055471308,False,C3,4,True,4,29.0,50,991.5,False,34.7,106,5.8,3
207,0.09821530102825227,False,C3,5,True,5,29.1,50,991.5,False,34.7,112,6.4,3
208,-0.008395609178804993,False,C3,6,True,6,28.9,50,991.2,False,34.7,110,6.6,3
209,-0.04758415350279887,False,C3,7,True,7,28.8,51,991.4,False,35.1,104,6.0,3
210,0.09302027786138375,False,C3,8,True,8,28.9,50,991.2,False,35.3,106,5.3,3
211,0.0673839678857453,False,C3,9,True,9,29.0,50,991.4,False,35.3,112,7.5,3
212,0.04242526962752461,False,C3,10,True,10,29.1,51,991.2,False,35.6,99,7.0,3
213,0.047394422221922666,False,C3,11,True,11,29.1,51,991.4,False,35.9,103,4.5,3
214,0.008770554329111334,False,C3,12,True,12,29.2,50,991.2,False,36.0,112,3.2,3
215,0.08251729624140831,False,C3,13,True,13,29.3,48,991.4,False,36.4,124,5.3,3
216,0.01769244194177758,False,C3,14,True,14,29.5,49,991.0,False,36.4,103,7.0,3
217,-0.04735828293032521,False,C3,15,True,15,29.5,50,991.0,False,36.2,94,6.8,3
218,-0.06147519370986157,False,C3,16,True,16,29.6,50,991.2,False,36.2,121,5.5,3
219,0.01645015379317887,False,C3,17,True,17,29.4,49,991.0,False,35.6,101,5.6,3
220,1.4115397446700793,True,C3,18,True,18,29.4,49,991.0,False,35.6,92,4.9,3
221,2.324621533890492,False,C2,4,True,22,29.9,47,990.7,False,36.3,109,4.5,2
222,-0.041824453904747816,False,C2,8,True,26,29.8,49,990.5,False,35.9,114,5.4,2
223,-0.1155711958170464,False,C2,9,True,27,29.7,50,990.4,False,35.3,108,6.0,2
224,-0.171925903648955,False,C2,10,True,28,29.6,49,990.5,False,35.9,111,5.8,2
225,-0.09162891513495237,False,C2,11,True,29,29.8,49,990.5,False,35.8,112,5.3,2
226,-0.1706836155003563,False,C2,12,True,30,29.8,48,990.4,False,36.4,113,5.5,2
227,-0.12054034841144286,False,C2,13,True,31,29.8,48,990.2,False,35.7,109,5.1,2
228,-0.16368162775370493,False,C2,14,True,32,29.9,49,990.2,False,35.7,116,6.3,2
229,-0.10156722032374527,False,C2,15,True,33,29.6,48,990.4,False,35.6,119,6.1,2
230,-0.1687637156343382,False,C2,16,True,34,29.7,48,990.2,False,36.7,116,6.9,2
231,-0.10292244375858081,True,C2,17,True,35,29.4,48,990.2,False,36.8,101,6.6,2
232,1.7930351415762698,False,C3,1,True,36,29.5,49,990.2,False,36.5,115,7.3,3
233,-0.3793880244650217,False,C3,2,True,37,29.5,49,990.2,False,36.0,105,5.3,3
234,-0.3188547110423696,False,C3,3,True,38,29.3,49,990.2,False,35.8,107,5.8,3
235,-0.1798313736854946,False,C3,4,True,39,29.4,50,990.2,False,35.7,108,5.6,3
236,-0.32167809319827595,False,C3,5,True,40,29.6,49,990.0,False,36.6,150,7.0,3
237,-0.3234850577780572,False,C3,6,True,41,30.1,47,990.2,False,37.1,115,5.1,3
238,-0.34979897947111344,False,C3,7,True,42,30.4,46,990.2,False,37.5,108,4.6,3
239,-0.36730394883773865,False,C3,8,True,43,30.6,45,989.9,False,37.3,108,6.0,3
240,-0.2615965209205696,False,C3,9,True,44,30.3,45,990.0,False,37.5,103,8.5,3
241,-0.22963583491569914,False,C3,10,True,45,30.4,46,990.0,False,37.5,100,6.6,3
242,-0.20783932467209526,False,C3,11,True,46,30.5,46,990.0,False,37.5,130,5.4,3
243,-0.29367014221167687,False,C3,12,True,47,30.5,46,990.0,False,37.2,104,6.5,3
244,-0.28723283089620805,False,C3,13,True,48,30.6,47,990.0,False,37.2,127,4.1,3
245,-0.26972786152958284,False,C3,14,True,49,30.6,46,990.0,False,37.2,106,4.5,3
246,-0.2556109507500465,False,C3,15,True,50,30.5,46,989.9,False,36.7,100,4.3,3
247,-0.2850870604577179,False,C3,16,True,51,30.5,46,990.0,False,37.2,95,4.6,3
248,-0.28802337789986104,False,C3,17,True,52,30.6,46,990.2,False,37.7,109,5.5,3
249,-0.29717113608500095,False,C3,18,True,53,30.7,46,990.0,False,38.1,110,5.3,3
250,-0.24567264556125198,False,C3,19,True,54,30.5,46,990.0,False,38.1,119,5.1,3
251,-0.2290711584845182,False,C3,20,True,55,30.5,45,989.9,False,37.9,99,4.4,3
252,-0.18559107328354565,False,C3,21,True,56,30.2,45,989.7,False,37.8,102,5.0,3
253,-0.47163558721005155,False,C3,2,False,1,28.9,52,991.7,False,34.6,111,2.0,3
254,-0.5805052031418357,False,C3,3,False,2,28.9,51,991.5,False,34.6,149,4.1,3
255,-0.6041086779652209,False,C3,4,False,3,28.9,50,991.5,False,34.7,105,4.5,3
256,-0.5797146561381812,False,C3,5,False,4,29.0,50,991.5,False,34.7,106,5.8,3
257,-0.35542517767290865,False,C3,6,False,5,29.1,50,991.5,False,34.7,112,6.4,3
258,-0.4746848399384315,False,C3,7,False,6,28.9,50,991.2,False,34.7,110,6.6,3
259,-0.5445917821186955,False,C3,8,False,7,28.8,51,991.4,False,35.1,104,6.0,3
260,-0.4714097166375795,False,C3,9,False,8,28.9,50,991.2,False,35.3,106,5.3,3
261,-0.5147768665523152,False,C3,10,False,9,29.0,50,991.4,False,35.3,112,7.5,3
262,-0.5273126833245424,False,C3,11,False,10,29.1,51,991.2,False,35.6,99,7.0,3
263,-0.5398485000967711,False,C3,12,False,11,29.1,51,991.4,False,35.9,103,4.5,3
264,-0.5035962732149221,False,C3,13,False,12,29.2,50,991.2,False,36.0,112,3.2,3
265,-0.4443052479408687,False,C3,14,False,13,29.3,48,991.4,False,36.4,124,5.3,3
266,-0.30200678728314323,False,C3,15,False,14,29.5,49,991.0,False,36.4,103,7.0,3
267,-0.5029186614975042,True,C3,16,False,15,29.5,50,991.0,False,36.2,94,6.8,3
268,1.6723278866996936,False,C3,2,False,16,29.5,50,991.0,False,36.0,107,4.4,3
269,-0.537476859085809,False,C3,3,False,17,29.4,49,991.0,False,35.6,101,5.6,3
270,1.9054263174913986,False,C3,4,False,18,29.4,48,991.0,False,35.7,102,7.1,3
271,4.376563315627677,False,C3,5,False,19,29.5,48,991.0,False,35.5,104,5.9,3
272,0.7065061038585779,False,C2,1,True,1,28.9,52,991.5,False,34.6,92,3.9,2
273,-0.06642299514259765,False,C2,2,True,2,28.9,51,991.5,False,34.6,149,4.1,2
274,-0.14626824251165457,False,C2,3,True,3,28.9,50,991.5,False,34.7,105,4.5,2
275,-0.2773861098319884,False,C2,4,True,4,29.0,50,991.5,False,34.7,106,5.8,2
276,-0.2458771649720637,False,C2,5,True,5,29.0,50,991.5,False,34.6,103,7.0,2
277,-0.30731396068460554,False,C2,6,True,6,28.9,50,991.2,False,34.7,110,6.6,2
278,-0.3035870962388078,False,C2,7,True,7,28.8,51,991.4,False,35.1,104,6.0,2
279,-0.24982989999033348,False,C2,8,True,8,28.9,50,991.2,False,35.3,106,5.3,2
280,-0.2952298850573225,False,C2,9,True,9,29.1,50,991.2,False,35.4,104,6.8,2
281,-0.3050552549598802,False,C2,10,True,10,29.1,51,991.2,False,35.6,99,7.0,2
282,-0.32312490075768635,False,C2,11,True,11,29.1,51,991.4,False,35.9,103,4.5,2
283,-0.29432640276743266,False,C2,12,True,12,29.3,48,991.4,False,36.0,106,4.9,2
284,-0.2070274265067803,False,C2,13,True,13,29.5,49,991.0,False,36.4,94,4.4,2
285,-0.2876632208794918,False,C2,14,True,14,29.5,49,991.0,False,36.4,103,7.0,2
286,-0.3294492767869183,False,C2,15,True,15,29.5,50,991.0,False,36.2,94,6.8,2
287,-0.3016671963727913,False,C2,16,True,16,29.5,50,991.0,False,36.0,107,4.4,2
288,-0.20262295034356478,False,C2,17,True,17,29.5,49,991.0,False,35.4,106,4.5,2
289,2.330967261081384,True,C2,18,True,18,29.4,48,991.0,False,35.7,102,7.1,2
290,4.070170669120264,False,C3,2,True,20,29.7,49,990.7,False,36.1,106,5.5,3
291,3.8325548268791096,False,C3,3,True,21,30.0,47,990.7,False,36.7,99,6.0,3
292,2.7881292997658895,False,C3,4,True,22,29.9,47,990.7,False,36.3,109,4.5,3
293,4.512989926452759,False,C3,7,True,25,29.8,49,990.7,False,36.2,108,6.3,3
294,-0.35260101046535774,False,C3,8,True,26,29.8,49,990.5,False,35.9,114,5.4,3
295,-0.39574228980762144,False,C3,9,True,27,29.7,50,990.4,False,35.3,108,6.0,3
296,-0.37925373801712287,False,C3,10,True,28,29.6,49,990.5,False,35.9,111,5.8,3
297,-0.41889402348606086,False,C3,11,True,29,29.8,49,990.5,False,35.8,112,5.3,3
298,-0.4511935153496402,False,C3,12,True,30,29.8,48,990.4,False,36.4,113,5.5,3
299,-0.4077134301486677,False,C3,13,True,31,29.8,48,990.2,False,35.7,109,5.1,3
300,-0.41403780617790126,False,C3,14,True,32,29.6,49,990.5,False,35.6,124,4.6,3
301,-0.41223084159812,False,C3,15,True,33,29.6,48,990.4,False,35.6,119,6.1,3
302,-0.5102586700512199,False,C3,16,True,34,29.7,48,990.2,False,36.7,116,6.9,3
303,-0.5502377613788668,False,C3,17,True,35,29.5,48,990.2,False,36.6,99,8.1,3
304,-0.4766039547528066,False,C3,18,True,36,29.6,49,990.2,False,36.5,88,6.3,3
305,-0.4331238695518341,False,C3,19,True,37,29.5,49,990.2,False,36.0,105,5.3,3
306,-0.5243755808307562,False,C3,20,True,38,29.3,49,990.2,False,35.8,107,5.8,3
307,-0.48044375448483956,False,C3,21,True,39,29.4,49,990.2,False,35.8,100,5.5,3
308,-0.5115009581998202,False,C3,22,True,40,29.6,49,990.0,False,36.6,150,7.0,3
309,-0.4500641624872767,False,C3,23,True,41,30.1,47,990.2,False,37.1,115,5.1,3
310,-0.5370243328892218,False,C3,24,True,42,30.4,46,990.2,False,37.5,81,2.2,3
311,-0.512630311062182,False,C3,25,True,43,30.6,45,990.0,False,37.3,95,7.9,3
312,-0.5155666285043269,False,C3,26,True,44,30.3,45,990.0,False,37.5,103,8.5,3
313,-0.5157924990767989,False,C3,27,True,45,30.4,46,990.0,False,37.5,100,6.6,3
314,-0.49343131240201243,False,C3,28,True,46,30.5,46,990.2,False,37.5,105,3.7,3
315,-0.5318293097223518,False,C3,29,True,47,30.5,46,990.0,False,37.2,104,6.5,3
316,-0.4042124362753436,False,C3,30,True,48,30.6,47,990.0,False,37.2,127,4.1,3
317,-0.3562149396249203,False,C3,31,True,49,30.5,46,990.0,False,36.8,101,3.7,3
318,-0.4808954956297853,False,C3,32,True,50,30.4,46,990.0,False,36.8,106,5.8,3
319,-0.5004333001486638,False,C3,33,True,51,30.5,46,990.0,False,37.2,95,4.6,3
320,-0.4843964895031094,False,C3,34,True,52,30.6,46,990.0,False,38.1,106,4.8,3
321,-0.4524358034982389,False,C3,35,True,53,30.6,46,990.0,False,38.1,105,5.3,3
322,-0.3753010029988531,False,C3,36,True,54,30.5,46,990.0,False,38.1,119,5.1,3
323,-0.4886880303800897,False,C3,37,True,55,30.3,45,990.0,False,37.9,102,4.6,3
324,-0.28133884485025823,False,C3,38,True,56,30.1,46,990.0,False,37.7,107,7.8,3
325,0.4470170406133552,False,C3,1,True,1,28.9,52,991.5,False,34.6,92,3.9,3
326,-0.25634392206626366,False,C3,2,True,2,28.9,51,991.5,False,34.6,149,4.1,3
327,-0.3506448860735674,False,C3,3,True,3,28.9,50,991.5,False,34.7,105,4.5,3
328,-0.33246230498952445,False,C3,4,True,4,29.0,50,991.5,False,34.7,106,5.8,3
329,-0.31653842963020684,False,C3,5,True,5,29.0,50,991.5,False,34.6,103,7.0,3
330,-0.3453369276204621,False,C3,6,True,6,28.9,50,991.2,False,34.7,110,6.6,3
331,-0.35459762109183723,False,C3,7,True,7,28.8,51,991.4,False,35.1,104,6.0,3
332,-0.23240164138417121,False,C3,8,True,8,28.9,50,991.2,False,35.3,106,5.3,3
333,-0.2806250086070666,False,C3,9,True,9,29.1,50,991.2,False,35.4,104,6.8,3
334,-0.39909412386893645,True,C3,10,True,10,29.1,51,991.2,False,35.6,99,7.0,3
335,1.730300698116328,False,C3,1,True,11,29.1,51,991.4,False,35.9,103,4.5,3
336,-0.5141751805437158,False,C3,2,True,12,29.3,48,991.4,False,36.0,106,4.9,3
337,-0.45657818456320853,False,C3,3,True,13,29.5,49,991.0,False,36.4,94,4.4,3
338,-0.5017522990577239,False,C3,4,True,14,29.5,49,991.0,False,36.4,103,7.0,3
339,-0.3727802021758802,False,C3,5,True,15,29.5,50,991.0,False,36.2,94,6.8,3
340,-0.46945280719414456,False,C3,6,True,16,29.5,50,991.0,False,36.0,107,4.4,3
341,-0.47995578881412,False,C3,7,True,17,29.5,49,991.0,False,35.4,106,4.5,3
342,2.5794611153269997,False,C3,8,True,18,29.4,48,991.0,False,35.7,102,7.1,3
343,3.9245203744012236,False,C3,9,True,19,29.5,48,991.0,False,35.5,104,5.9,3
344,4.6818644039017885,False,C3,10,True,20,29.7,49,990.7,False,36.1,106,5.5,3
345,4.165524275229466,False,C3,11,True,21,30.0,47,990.7,False,36.7,99,6.0,3
346,2.479739257580354,False,C3,12,True,22,29.9,47,990.7,False,36.3,109,4.5,3
347,-0.47272793049499817,False,C3,16,True,26,29.8,49,990.5,False,35.9,114,5.4,3
348,-0.47814882423434035,False,C3,17,True,27,29.7,50,990.4,False,35.3,108,6.0,3
349,-0.4003364120175351,False,C3,18,True,28,29.6,49,990.5,False,35.9,111,5.8,3
350,-0.5179020449895135,False,C3,19,True,29,29.8,49,990.5,False,35.8,112,5.3,3
351,-0.5075119986557749,False,C3,20,True,30,29.8,48,990.4,False,36.4,113,5.5,3
352,-0.5048015517861039,False,C3,21,True,31,29.8,48,990.2,False,35.7,109,5.1,3
353,-0.5324706969139956,False,C3,22,True,32,29.6,49,990.5,False,35.6,124,4.6,3
354,-0.5540413365851274,True,C3,23,True,33,29.6,48,990.4,False,35.6,119,6.1,3
355,1.6430017218556758,False,C2,1,True,34,29.7,48,990.2,False,36.7,116,6.9,2
356,-0.6075726622611297,False,C2,2,True,35,29.5,48,990.2,False,36.6,99,8.1,2
357,-0.6207860907507747,False,C2,3,True,36,29.6,49,990.2,False,36.5,88,6.3,2
358,-0.6153651970114326,False,C2,4,True,37,29.5,49,990.2,False,36.0,105,5.3,2
359,-0.5813716758543087,False,C2,5,True,38,29.3,49,990.2,False,35.8,107,5.8,2
360,-0.6097184326996183,False,C2,6,True,39,29.4,49,990.2,False,35.8,100,5.5,2
361,-0.5783224231259304,False,C2,7,True,40,29.8,48,990.0,False,36.9,106,5.6,2
362,-0.5675935709334813,False,C2,8,True,41,30.1,47,990.2,False,37.1,115,5.1,2
363,-0.4779229536618667,False,C2,9,True,42,30.4,46,990.2,False,37.5,81,2.2,2
364,-0.5935686867678286,False,C2,10,True,43,30.6,45,990.0,False,37.3,95,7.9,2
365,-0.48131101224895556,False,C2,11,True,44,30.3,45,990.0,False,37.5,103,8.5,2
366,-0.5053662282172864,False,C2,12,True,45,30.4,46,990.0,False,37.5,100,6.6,2
367,-0.571094564806807,False,C2,13,True,46,30.5,46,990.2,False,37.5,105,3.7,2
368,-0.5210642330041304,False,C2,14,True,47,30.5,47,990.0,False,36.9,142,4.6,2
369,-0.4931692173037665,False,C2,15,True,48,30.6,47,990.0,False,37.2,127,4.1,2
370,-0.5575423304584516,False,C2,16,True,49,30.5,46,990.0,False,36.8,101,3.7,2
371,-0.5500886015668577,False,C2,17,True,50,30.4,46,990.0,False,36.8,106,5.8,2
372,-0.5412796492404267,False,C2,18,True,51,30.5,46,990.0,False,37.2,95,4.6,2
373,-0.4632413664511494,False,C2,19,True,52,30.6,46,990.0,False,38.1,106,4.8,2
374,-0.32421802909427594,False,C2,20,True,53,30.6,46,990.0,False,38.1,105,5.3,2
375,-0.5907453046119223,False,C2,21,True,54,30.5,45,989.9,False,37.9,99,4.4,2
376,-0.5638667064876851,False,C2,22,True,55,30.3,45,990.0,False,37.9,102,4.6,2
377,-0.6055398271088764,False,C2,23,True,56,30.1,46,990.0,False,37.7,107,7.8,2
378,0.16833537127133005,False,C3,1,True,1,28.9,52,991.7,False,34.6,111,2.0,3
379,-0.2592376224192673,False,C3,2,True,2,28.9,51,991.5,False,34.6,149,4.1,3
380,-0.32349780028771546,False,C3,3,True,3,28.9,50,991.5,False,34.7,105,4.5,3
381,-0.2826152266701788,False,C3,4,True,4,29.0,50,991.5,False,34.7,106,5.8,3
382,-0.1584993470964947,False,C3,5,True,5,29.0,50,991.5,False,34.6,103,7.0,3
383,-0.33400078190769095,False,C3,6,True,6,28.9,50,991.2,False,34.7,110,6.6,3
384,-0.34563311639002986,False,C3,7,True,7,28.8,51,991.4,False,35.1,104,6.0,3
385,-0.2068356496056285,False,C3,8,True,8,28.9,50,991.2,False,35.3,106,5.3,3
386,-0.2948122375836987,True,C3,9,True,9,29.1,50,991.2,False,35.4,104,6.8,3
387,1.7453637082748954,False,C3,1,True,10,29.2,51,991.4,False,35.8,104,6.0,3
388,-0.5230544510672426,False,C3,2,True,11,29.1,51,991.4,False,35.9,103,4.5,3
389,-0.4724594428333834,False,C3,3,True,12,29.3,48,991.4,False,36.0,106,4.9,3
390,-0.415201252711585,False,C3,4,True,13,29.5,49,991.0,False,36.4,94,4.4,3
391,-0.4322544809332645,False,C3,5,True,14,29.5,49,991.0,False,36.4,103,7.0,3
392,-0.3683331089235236,False,C3,6,True,15,29.5,50,991.0,False,36.2,94,6.8,3
393,-0.30655750735227283,False,C3,7,True,16,29.5,50,991.0,False,36.0,107,4.4,3
394,-0.3894520074497097,False,C3,8,True,17,29.5,49,991.0,False,35.4,106,4.5,3
395,2.4560654645598743,True,C3,9,True,18,29.4,48,991.0,False,35.7,102,7.1,3
396,3.946585372306442,False,C2,2,True,20,29.7,49,990.7,False,36.1,106,5.5,2
397,3.3481412905403363,False,C2,3,True,21,30.0,47,990.7,False,36.7,99,6.0,2
398,3.4552039418923406,False,C2,4,True,22,29.9,47,990.7,False,36.3,109,4.5,2
399,3.966349047397791,False,C2,7,True,25,29.8,49,990.7,False,36.2,108,6.3,2
400,-0.25505901682852383,False,C2,8,True,26,29.8,49,990.5,False,35.9,114,5.4,2
401,-0.3410027696543407,False,C2,9,True,27,29.7,50,990.4,False,35.3,108,6.0,2
402,-0.39995498906968513,False,C2,10,True,28,29.6,49,990.5,False,35.9,111,5.8,2
403,-0.4299957752085391,False,C2,11,True,29,29.8,48,990.4,False,36.3,110,6.1,2
404,-0.46805496667016794,False,C2,12,True,30,29.8,48,990.4,False,36.4,113,5.5,2
405,-0.427850004770049,False,C2,13,True,31,29.8,48,990.2,False,35.7,109,5.1,2
406,-0.4150883174253482,False,C2,14,True,32,29.6,49,990.5,False,35.6,124,4.6,2
407,-0.3627992798979446,False,C2,15,True,33,29.6,48,990.4,False,35.6,119,6.1,2
408,-0.44354800955689294,False,C2,16,True,34,29.7,48,990.2,False,36.7,116,6.9,2
409,-0.47020073710865806,False,C2,17,True,35,29.5,48,990.2,False,36.6,99,8.1,2
410,-0.506791769849216,False,C2,18,True,36,29.6,49,990.2,False,36.5,88,6.3,2
411,-0.5044201288382538,False,C2,19,True,37,29.5,49,990.2,False,36.0,105,5.3,2
412,-0.4953853059393508,False,C2,20,True,38,29.3,49,990.2,False,35.8,107,5.8,2
413,-0.5340091738321622,False,C2,21,True,39,29.4,49,990.2,False,35.8,100,5.5,2
414,-0.4496465150136529,False,C2,22,True,40,29.8,48,990.0,False,36.9,106,5.6,2
415,-0.4600365613473915,False,C2,23,True,41,30.1,47,990.2,False,37.1,115,5.1,2
416,-0.5223768393498248,False,C2,24,True,42,30.4,46,990.2,False,37.5,81,2.2,2
417,-0.4665868079490971,False,C2,25,True,43,30.6,45,990.0,False,37.3,95,7.9,2
418,-0.4085380708236425,False,C2,26,True,44,30.3,45,990.0,False,37.5,103,8.5,2
419,-0.4994509762438574,False,C2,27,True,45,30.4,46,990.0,False,37.5,100,6.6,2
420,-0.5843783114935476,False,C2,28,True,46,30.5,46,990.2,False,37.5,105,3.7,2
421,-0.5195534571939169,False,C2,29,True,47,30.5,47,990.0,False,36.9,142,4.6,2
422,-0.5673250832718681,False,C2,30,True,48,30.6,47,990.0,False,37.2,127,4.1,2
423,-0.5699225948553024,False,C2,31,True,49,30.5,46,990.0,False,36.8,101,3.7,2
424,-0.49719227051913206,False,C2,32,True,50,30.4,46,990.0,False,36.8,106,5.8,2
425,-0.37657738481877207,False,C2,33,True,51,30.5,46,990.0,False,37.2,95,4.6,2
426,-0.45789079090890294,False,C2,34,True,52,30.6,46,990.0,False,38.1,106,4.8,2
427,-0.31570526553741274,False,C2,35,True,53,30.6,46,990.0,False,38.1,105,5.3,2
428,-0.38177240798564216,False,C2,36,True,54,30.5,45,989.9,False,37.9,99,4.4,2
429,-0.4528087030282697,False,C2,37,True,55,30.3,45,990.0,False,37.9,102,4.6,2
430,-0.38967787802218334,False,C2,38,True,56,30.1,46,990.0,False,37.7,107,7.8,2
431,0.49841060628521494,False,C3,1,True,1,28.9,52,991.5,False,34.6,92,3.9,3
432,-0.3247746950911093,False,C3,2,True,2,28.9,51,991.5,False,34.6,149,4.1,3
433,-0.43737117546869125,False,C3,3,True,3,28.9,50,991.5,False,34.7,105,4.5,3
434,-0.4404204281970712,False,C3,4,True,4,29.0,50,991.5,False,34.7,106,5.8,3
435,-0.39603686070620886,False,C3,5,True,5,29.0,50,991.5,False,34.6,103,7.0,3
436,-0.44437316321534104,False,C3,6,True,6,28.9,50,991.2,False,34.7,110,6.6,3
437,-0.44685773951254004,False,C3,7,True,7,28.8,51,991.4,False,35.1,104,6.0,3
438,-0.34453837018245986,False,C3,8,True,8,28.9,50,991.2,False,35.3,106,5.3,3
439,-0.2772289395856301,True,C3,9,True,9,29.1,50,991.2,False,35.4,104,6.8,3
440,2.1652224958466317,False,C2,1,True,10,29.2,51,991.4,False,35.8,104,6.0,2
441,-0.5099885645186264,False,C2,2,True,11,29.1,51,991.4,False,35.9,103,4.5,2
442,-0.480964195955899,False,C2,3,True,12,29.3,48,991.4,False,36.0,106,4.9,2
443,-0.41467118293519595,False,C2,4,True,13,29.5,49,991.0,False,36.4,94,4.4,2
444,-0.5180069698414028,False,C2,5,True,14,29.4,49,991.0,False,36.4,103,7.0,2
445,-0.5273805985990148,False,C2,6,True,15,29.5,50,991.0,False,36.2,94,6.8,2
446,-0.4947423008767265,False,C2,7,True,16,29.5,50,991.0,False,36.0,107,4.4,2
447,-0.46808957332496137,False,C2,8,True,17,29.5,49,991.0,False,35.4,106,4.5,2
448,2.937925724275335,False,C2,9,True,18,29.4,48,991.0,False,35.7,102,7.1,2
449,3.4079623855907752,False,C2,10,True,19,29.5,48,991.0,False,35.5,104,5.9,2
450,4.062648239902553,False,C2,11,True,20,29.7,49,990.7,False,36.1,106,5.5,2
451,3.8286463268209614,False,C2,12,True,21,30.0,47,990.7,False,36.7,99,6.0,2
452,2.843963566126739,False,C2,13,True,22,29.9,47,990.7,False,36.3,109,4.5,2
453,3.467705152009776,False,C2,2,True,25,29.8,49,990.7,False,36.2,108,6.3,2
454,-0.3225159893663823,False,C2,3,True,26,29.8,49,990.5,False,35.9,114,5.4,2
455,-0.3676901038608993,False,C2,4,True,27,29.7,50,990.4,False,35.3,108,6.0,2
456,-0.4994855828986509,False,C2,5,True,28,29.6,49,990.5,False,35.9,111,5.8,2
457,-0.4240448116928079,False,C2,6,True,29,29.8,48,990.4,False,36.3,110,6.1,2
458,-0.4104925773444541,False,C2,7,True,30,29.8,48,990.4,False,36.4,113,5.5,2
459,-0.44742241594372095,False,C2,8,True,31,29.8,48,990.2,False,35.7,109,5.1,2
460,-0.3792095030570014,False,C2,9,True,32,29.6,49,990.5,False,35.6,124,4.6,2
461,-0.526702986881597,False,C2,10,True,33,29.6,47,990.2,False,36.2,95,5.8,2
462,-0.5428527328133866,False,C2,11,True,34,29.7,48,990.2,False,36.7,116,6.9,2
463,-0.5908502294638099,False,C2,12,True,35,29.5,48,990.2,False,36.6,99,8.1,2
464,-0.5871233650180122,False,C2,13,True,36,29.6,49,990.2,False,36.5,88,6.3,2
465,-0.6325233500850013,False,C2,14,True,37,29.5,49,990.2,False,36.0,105,5.3,2
466,-0.6645969713761085,False,C2,15,True,38,29.3,49,990.2,False,35.8,107,5.8,2
467,-0.6795044291592979,False,C2,16,True,39,29.4,49,990.2,False,35.8,100,5.5,2
468,-0.5974004760655156,False,C2,17,True,40,29.8,48,990.0,False,36.9,106,5.6,2
469,-0.6458497138608846,False,C2,18,True,41,30.1,47,990.2,False,37.1,115,5.1,2
470,-0.6660651300971793,False,C2,19,True,42,30.4,46,990.2,False,37.5,81,2.2,2
471,-0.5473701442628389,False,C2,20,True,43,30.6,45,990.0,False,37.3,95,7.9,2
472,-0.5430786033858587,False,C2,21,True,44,30.3,45,990.0,False,37.5,103,8.5,2
473,-0.6037248520947476,False,C2,22,True,45,30.4,46,990.0,False,37.5,100,6.6,2
474,-0.6438168787086312,False,C2,23,True,46,30.5,46,990.2,False,37.5,105,3.7,2
475,-0.6291352914979124,False,C2,24,True,47,30.5,47,990.0,False,36.9,142,4.6,2
476,-0.6522870251763518,False,C2,25,True,48,30.6,47,990.0,False,37.2,127,4.1,2
477,-0.5429656680996234,False,C2,26,True,49,30.5,46,990.0,False,36.8,101,3.7,2
478,-0.6301517090740391,False,C2,27,True,50,30.4,46,990.0,False,36.8,106,5.8,2
479,-0.46108758557831164,False,C2,28,True,51,30.5,46,990.0,False,37.2,95,4.6,2
480,-0.5689407839339692,False,C2,29,True,52,30.6,46,990.0,False,38.1,106,4.8,2
481,-0.362608015980266,False,C2,30,True,53,30.6,46,990.0,False,38.1,105,5.3,2
482,-0.4866109602677133,False,C2,31,True,54,30.5,45,989.9,False,37.9,99,4.4,2
483,-0.5193621932762383,False,C2,32,True,55,30.3,45,990.0,False,37.9,102,4.6,2
484,-0.511569658525934,False,C2,33,True,56,30.1,46,990.0,False,37.7,107,7.8,2
485,0.268244310147276,False,C3,1,True,1,28.9,52,991.5,False,34.6,92,3.9,3
486,-0.40733457211821583,False,C3,2,True,2,28.9,51,991.5,False,34.6,149,4.1,3
487,-0.4929395190853238,False,C3,3,True,3,28.9,50,991.5,False,34.7,105,4.5,3
488,-0.4687713678307577,False,C3,4,True,4,29.0,50,991.5,False,34.7,106,5.8,3
489,-0.32252017215476086,False,C3,5,True,5,29.0,50,991.5,False,34.6,103,7.0,3
490,-0.3618216517649899,False,C3,6,True,6,28.9,50,991.2,False,34.7,110,6.6,3
491,-0.4862763371973829,False,C3,7,True,7,28.8,51,991.4,False,35.1,104,6.0,3
492,-0.3981868139330759,False,C3,8,True,8,28.9,50,991.2,False,35.3,106,5.3,3
493,-0.412755465857558,False,C3,9,True,9,29.1,50,991.2,False,35.4,104,6.8,3
494,-0.3906201497552452,True,C3,10,True,10,29.1,51,991.2,False,35.6,99,7.0,3
495,2.088761124276285,False,C2,1,True,11,29.1,51,991.4,False,35.9,103,4.5,2
496,-0.49169723093672507,False,C2,2,True,12,29.3,48,991.4,False,36.0,106,4.9,2
497,-0.46447982695377904,False,C2,3,True,13,29.5,49,991.0,False,36.4,94,4.4,2
498,-0.5249002050901942,False,C2,4,True,14,29.4,49,991.0,False,36.4,103,7.0,2
499,-0.5235449816553587,False,C2,5,True,15,29.5,50,991.0,False,36.2,94,6.8,2
500,-0.5350643808514608,False,C2,6,True,16,29.5,50,991.0,False,36.0,107,4.4,2
501,-0.46097883308045334,False,C2,7,True,17,29.5,49,991.0,False,35.4,106,4.5,2
502,2.9408578589290997,False,C2,8,True,18,29.4,48,991.0,False,35.7,102,7.1,2
503,3.6765183134722963,False,C2,9,True,19,29.5,48,991.0,False,35.5,104,5.9,2
504,3.7234993925465965,False,C2,10,True,20,29.7,49,990.7,False,36.1,106,5.5,2
505,3.386161692558793,False,C2,11,True,21,30.0,47,990.7,False,36.7,99,6.0,2
506,3.1677448489778066,False,C2,12,True,22,29.9,47,990.7,False,36.3,109,4.5,2
507,4.0153241721811685,False,C2,15,True,25,29.8,49,990.7,False,36.2,108,6.3,2
508,-0.4082380544081056,False,C2,16,True,26,29.8,49,990.5,False,35.9,114,5.4,2
509,-0.5088633944446415,False,C2,17,True,27,29.7,50,990.4,False,35.3,108,6.0,2
510,-0.547035521192507,False,C2,18,True,28,29.6,49,990.5,False,35.9,111,5.8,2
511,-0.559458402678499,False,C2,19,True,29,29.8,48,990.4,False,36.3,110,6.1,2
512,-0.446861922300917,False,C2,20,True,30,29.8,48,990.4,False,36.4,113,5.5,2
513,-0.4668514679647412,False,C2,21,True,31,29.8,48,990.2,False,35.7,109,5.1,2
514,-0.49124548979177934,False,C2,22,True,32,29.6,49,990.5,False,35.6,124,4.6,2
515,-0.45476739233745817,False,C2,23,True,33,29.6,47,990.2,False,36.2,95,5.8,2
516,-0.5241096580865412,False,C2,24,True,34,29.7,48,990.2,False,36.7,116,6.9,2
517,-0.5847559067954285,True,C2,25,True,35,29.5,48,990.2,False,36.6,99,8.1,2
518,1.740355766237327,False,C2,1,True,36,29.6,49,990.2,False,36.5,88,6.3,2
519,-0.6775887120816599,False,C2,2,True,37,29.3,49,990.2,False,35.9,105,5.4,2
520,-0.6769111003642422,False,C2,3,True,38,29.3,49,990.2,False,35.8,107,5.8,2
521,-0.6896727877089429,False,C2,4,True,39,29.4,49,990.2,False,35.8,100,5.5,2
522,-0.6735230417771533,False,C2,5,True,40,29.8,48,990.0,False,36.9,106,5.6,2
523,-0.6491290199501152,False,C2,6,True,41,30.4,46,990.2,False,37.5,108,4.6,2
524,-0.6405459381961562,False,C2,7,True,42,30.4,46,990.2,False,37.5,81,2.2,2
525,-0.6878658231291617,False,C2,8,True,43,30.6,45,990.0,False,37.3,95,7.9,2
526,-0.704241439633425,False,C2,9,True,44,30.3,46,990.0,False,37.5,99,8.6,2
527,-0.667650406892867,False,C2,10,True,45,30.4,46,990.0,False,37.5,100,6.6,2
528,-0.597743464712603,False,C2,11,True,46,30.5,46,990.2,False,37.5,105,3.7,2
529,-0.6871882114117439,False,C2,12,True,47,30.5,47,990.0,False,36.9,142,4.6,2
530,-0.66844095389652,False,C2,13,True,48,30.6,46,990.0,False,37.2,106,4.5,2
531,-0.6446116085006628,False,C2,14,True,49,30.5,46,990.0,False,36.8,101,3.7,2
532,-0.616942463372771,False,C2,15,True,50,30.4,46,990.0,False,36.8,106,5.8,2
533,-0.49226190736790604,False,C2,16,True,51,30.6,46,990.2,False,37.7,109,5.5,2
534,-0.7112434273800748,False,C2,17,True,52,30.7,46,990.0,False,38.1,110,5.3,2
535,-0.6740877182083342,False,C2,18,True,53,30.6,46,990.0,False,38.1,105,5.3,2
536,-0.6849295056870186,False,C2,19,True,54,30.5,45,989.9,False,37.9,99,4.4,2
537,-0.7299906848952987,False,C2,20,True,55,30.2,45,989.7,False,37.8,102,5.0,2
538,-0.6988205458940828,False,C2,21,True,56,30.1,46,990.0,False,37.7,107,7.8,2
539,0.9057388647605938,False,C2,1,True,1,28.9,52,991.5,False,34.6,92,3.9,2
540,-0.2579463246181474,False,C2,2,True,2,28.9,51,991.5,False,34.6,149,4.1,2
541,-0.3462617184549265,False,C2,3,True,3,28.9,50,991.5,False,34.7,105,4.5,2
542,-0.39764727369243863,False,C2,4,True,4,29.0,50,991.5,False,34.7,106,5.8,2
543,-0.3301119725231368,False,C2,5,True,5,29.0,50,991.5,False,34.6,103,7.0,2
544,-0.3182537674683258,False,C2,6,True,6,28.9,50,991.2,False,34.7,110,6.6,2
545,-0.35473186492264863,False,C2,7,True,7,28.8,51,991.4,False,35.1,104,6.0,2
546,-0.29510203378988636,False,C2,8,True,8,28.9,50,991.2,False,35.3,106,5.3,2
547,-0.2734184588325193,False,C2,9,True,9,29.1,50,991.2,False,35.4,104,6.8,2
548,-0.32830500794335554,False,C2,10,True,10,29.1,51,991.2,False,35.6,99,7.0,2
549,-0.42136368380205896,False,C2,11,True,11,29.1,51,991.4,False,35.9,103,4.5,2
550,-0.3447935597338541,False,C2,12,True,12,29.3,48,991.4,False,36.0,106,4.9,2
551,-0.1657911310493338,False,C2,13,True,13,29.5,49,991.0,False,36.4,94,4.4,2
552,-0.34343833629901854,False,C2,14,True,14,29.5,49,991.0,False,36.4,103,7.0,2
553,-0.3927910563842774,False,C2,15,True,15,29.5,50,991.0,False,36.2,94,6.8,2
554,-0.3371139602697866,False,C2,16,True,16,29.5,50,991.0,False,36.0,107,4.4,2
555,-0.3542801237777029,False,C2,17,True,17,29.5,49,991.0,False,35.4,106,4.5,2
556,2.1467847252111945,True,C2,18,True,18,29.4,48,991.0,False,35.7,102,7.1,2
557,4.7557027725557495,False,C2,2,True,20,29.7,49,990.7,False,36.1,106,5.5,2
558,4.100226371240317,False,C2,3,True,21,30.0,47,990.7,False,36.7,99,6.0,2
559,2.794016850631377,False,C2,4,True,22,29.9,47,990.7,False,36.3,109,4.5,2
560,4.645590868475367,False,C2,7,True,25,29.8,49,990.7,False,36.2,108,6.3,2
561,-0.27330552354628246,False,C2,8,True,26,29.8,49,990.5,False,35.9,114,5.4,2
562,-0.3848855863477378,False,C2,9,True,27,29.7,50,990.4,False,35.3,108,6.0,2
563,-0.3948238915365307,False,C2,10,True,28,29.6,49,990.5,False,35.9,111,5.8,2
564,-0.44191790589706414,False,C2,11,True,29,29.8,48,990.4,False,36.3,110,6.1,2
565,-0.4401109413172845,False,C2,12,True,30,29.8,48,990.4,False,36.4,113,5.5,2
566,-0.4066820965913417,False,C2,13,True,31,29.8,48,990.2,False,35.7,109,5.1,2
567,-0.44587064091533557,False,C2,14,True,32,29.6,49,990.5,False,35.6,124,4.6,2
568,-0.4255422893928024,False,C2,15,True,33,29.6,48,990.4,False,35.6,119,6.1,2
569,-0.5140835538020552,False,C2,16,True,34,29.7,48,990.2,False,36.7,116,6.9,2
570,-0.49849848430144644,False,C2,17,True,35,29.5,48,990.2,False,36.6,99,8.1,2
571,-0.5034676368958428,False,C2,18,True,36,29.6,49,990.2,False,36.5,88,6.3,2
572,-0.5085497247764762,False,C2,19,True,37,29.5,49,990.2,False,36.0,105,5.3,2
573,-0.5180362888203249,False,C2,20,True,38,29.3,49,990.2,False,35.8,107,5.8,2
574,-0.5075333072003495,False,C2,21,True,39,29.4,49,990.2,False,35.8,100,5.5,2
575,-0.31407516187758394,False,C2,22,True,40,29.6,49,990.0,False,36.6,150,7.0,2
576,-0.481896997224711,False,C2,23,True,41,30.1,47,990.2,False,37.1,115,5.1,2
577,-0.5014348017435896,False,C2,24,True,42,30.4,46,990.2,False,37.5,81,2.2,2
578,-0.49014127311996114,False,C2,25,True,43,30.6,45,990.0,False,37.3,95,7.9,2
579,-0.48347809123202024,False,C2,26,True,44,30.3,45,990.0,False,37.5,103,8.5,2
580,-0.34852042417965184,True,C2,27,True,45,30.4,46,990.0,False,37.5,100,6.6,2
581,1.622200320643624,False,C3,1,True,46,30.5,46,990.2,False,37.5,105,3.7,3
582,-0.7015561289542976,False,C3,2,True,47,30.5,47,990.0,False,36.9,142,4.6,3
583,-0.7155601044475971,False,C3,3,True,48,30.6,46,990.0,False,37.2,106,4.5,3
584,-0.7231267686254295,False,C3,4,True,49,30.5,46,990.0,False,36.8,101,3.7,3
585,-0.7092357284183651,False,C3,5,True,50,30.4,46,990.0,False,36.8,106,5.8,3
586,-0.7059606051175131,False,C3,6,True,51,30.6,46,990.2,False,37.7,109,5.5,3
587,-0.68563225359498,False,C3,7,True,52,30.6,46,990.0,False,38.1,106,4.8,3
588,-0.6878909593197053,False,C3,8,True,53,30.6,46,990.0,False,38.1,105,5.3,3
589,-0.5970909891857289,False,C3,9,True,54,30.5,45,989.9,False,37.9,99,4.4,3
590,-0.6230661050200746,False,C3,10,True,55,30.3,45,990.0,False,37.9,102,4.6,3
591,-0.6769362365547857,False,C3,11,True,56,30.1,46,990.0,False,37.7,107,7.8,3
592,-0.02883685337048273,False,C3,1,True,1,28.9,52,991.7,False,34.6,111,2.0,3
593,-0.27142184820603504,False,C3,2,True,2,28.9,51,991.5,False,34.6,149,4.1,3
594,-0.4066053858308755,False,C3,3,True,3,28.9,50,991.5,False,34.7,105,4.5,3
595,-0.2884750764277145,False,C3,4,True,4,29.0,50,991.5,False,34.7,106,5.8,3
596,-0.22963579229860853,False,C3,5,True,5,29.1,50,991.5,False,34.7,112,6.4,3
597,-0.35318699544111004,False,C3,6,True,6,28.9,50,991.2,False,34.7,110,6.6,3
598,-0.26972781891249065,False,C3,7,True,7,28.8,51,991.4,False,35.1,104,6.0,3
599,-0.3200969565738761,False,C3,8,True,8,28.9,50,991.2,False,35.3,106,5.3,3
600,-0.2610318018722964,False,C3,9,True,9,29.0,50,991.4,False,35.3,112,7.5,3
601,-0.34471684897338795,False,C3,10,True,10,29.1,51,991.2,False,35.6,99,7.0,3
602,-0.3103845219575553,False,C3,11,True,11,29.1,51,991.4,False,35.9,103,4.5,3
603,-0.38164668757265485,False,C3,12,True,12,29.3,48,991.4,False,36.0,106,4.9,3
604,-0.2907337821524415,False,C3,13,True,13,29.3,48,991.4,False,36.4,124,5.3,3
605,-0.38300191100749037,True,C3,14,True,14,29.5,49,991.0,False,36.4,103,7.0,3
606,1.8619257087974992,False,C2,1,True,15,29.5,50,991.0,False,36.2,94,6.8,2
607,-0.39847404522186225,False,C2,2,True,16,29.5,50,991.0,False,36.0,107,4.4,2
608,-0.39598946892466486,False,C2,3,True,17,29.5,49,991.0,False,35.4,106,4.5,2
609,2.4857802299667684,False,C2,4,True,18,29.4,48,991.0,False,35.7,102,7.1,2
610,3.8653976866292985,False,C2,5,True,19,29.5,48,991.0,False,35.5,104,5.9,2
611,4.414489048310144,False,C2,7,True,21,30.0,47,990.7,False,36.7,99,6.0,2
612,2.6857886218912412,False,C2,8,True,22,29.9,47,990.7,False,36.3,109,4.5,2
613,4.762894406349102,False,C2,11,True,25,29.8,49,990.7,False,36.2,108,6.3,2
614,-0.41541433815730655,False,C2,12,True,26,29.8,49,990.5,False,35.9,114,5.4,2
615,-0.44048597170176246,False,C2,13,True,27,29.7,50,990.4,False,35.3,108,6.0,2
616,-0.39440837491735564,False,C2,14,True,28,29.6,49,990.5,False,35.9,111,5.8,2
617,-0.44884318288324776,False,C2,15,True,29,29.8,49,990.5,False,35.8,112,5.3,2
618,-0.47583471629372176,False,C2,16,True,30,29.8,48,990.4,False,36.4,113,5.5,2
619,-0.46239541723160316,False,C2,17,True,31,29.8,48,990.2,False,35.7,109,5.1,2
620,-0.4840789921889718,False,C2,18,True,32,29.6,49,990.5,False,35.6,124,4.6,2
621,-0.5118610726030989,False,C2,19,True,33,29.6,48,990.4,False,35.6,119,6.1,2
622,-0.5367068355750827,True,C2,20,True,34,29.7,48,990.2,False,36.7,116,6.9,2
623,1.6609008992969014,False,C2,1,True,35,29.5,48,990.2,False,36.6,99,8.1,2
624,-0.47312426942405067,False,C2,2,True,36,29.6,49,990.2,False,36.5,88,6.3,2
625,-0.5579386693875057,False,C2,3,True,37,29.5,49,990.2,False,36.0,105,5.3,2
626,-0.5880923908125949,False,C2,4,True,38,29.3,49,990.2,False,35.8,107,5.8,2
627,-0.620504817962411,False,C2,5,True,39,29.4,49,990.2,False,35.8,100,5.5,2
628,-0.6095500951974898,False,C2,6,True,40,29.8,48,990.0,False,36.9,106,5.6,2
629,-0.5408854411658262,False,C2,7,True,41,30.1,47,990.2,False,37.1,115,5.1,2
630,-0.6066137777553468,False,C2,8,True,42,30.4,46,990.2,False,37.5,81,2.2,2
631,-0.5884311966713037,False,C2,9,True,43,30.6,45,990.0,False,37.3,95,7.9,2
632,-0.6226505884008996,False,C2,10,True,44,30.3,45,990.0,False,37.5,103,8.5,2
633,-0.5848172675117428,False,C2,11,True,45,30.4,46,990.0,False,37.5,100,6.6,2
634,-0.6251351646980986,False,C2,12,True,46,30.5,46,990.2,False,37.5,105,3.7,2
635,-0.6624038091560743,False,C2,13,True,47,30.5,46,990.0,False,37.2,104,6.5,2
636,-0.6509973452462091,False,C2,14,True,48,30.6,47,990.0,False,37.2,127,4.1,2
637,-0.6821674842474249,False,C2,15,True,49,30.5,46,990.0,False,36.8,101,3.7,2
638,-0.6308948642961496,False,C2,16,True,50,30.4,46,990.0,False,36.8,106,5.8,2
639,-0.6159874065129587,False,C2,17,True,51,30.5,46,990.0,False,37.2,95,4.6,2
640,-0.6504326688150281,False,C2,18,True,52,30.6,46,990.0,False,38.1,106,4.8,2
641,-0.6026610427370769,False,C2,19,True,53,30.6,46,990.0,False,38.1,105,5.3,2
642,-0.5382879295823902,False,C2,20,True,54,30.5,46,990.0,False,38.1,119,5.1,2
643,-0.5629078219819021,False,C2,21,True,55,30.3,45,990.0,False,37.9,102,4.6,2
644,-0.6186978533826297,False,C2,22,True,56,30.1,46,990.0,False,37.7,107,7.8,2
645,-0.05952367196370172,False,C3,1,True,1,28.9,52,991.7,False,34.6,111,2.0,3
646,-0.0939689342657696,False,C3,2,True,2,28.9,51,991.5,False,34.6,149,4.1,3
647,-0.11090922720121388,False,C3,3,True,3,28.9,50,991.5,False,34.7,105,4.5,3
648,-0.040550543876004146,False,C3,4,True,4,29.0,50,991.5,False,34.7,106,5.8,3
649,0.004397700046039182,False,C3,5,True,5,29.1,50,991.5,False,34.7,112,6.4,3
650,-0.06562217742046167,False,C3,6,True,6,28.9,50,991.2,False,34.7,110,6.6,3
651,-0.05139233135468847,False,C3,7,True,7,28.8,51,991.4,False,35.1,104,6.0,3
652,0.006204664625820439,False,C3,8,True,8,28.9,50,991.5,False,35.2,113,5.3,3
653,-0.05478038994177733,False,C3,9,True,9,29.0,50,991.4,False,35.3,112,7.5,3
654,-0.049472431488671996,False,C3,10,True,10,29.1,51,991.2,False,35.6,99,7.0,3
655,0.005752923480874724,False,C3,11,True,11,29.1,51,991.4,False,35.9,103,4.5,3
656,0.07453051279877525,True,C3,12,True,12,29.2,50,991.2,False,36.0,112,3.2,3
657,2.197036282323627,False,C2,1,True,13,29.3,48,991.4,False,36.4,124,5.3,2
658,-0.05274755478952402,False,C2,2,True,14,29.5,49,991.0,False,36.4,103,7.0,2
659,-0.030047562256028695,False,C2,3,True,15,29.5,50,991.0,False,36.2,94,6.8,2
660,-0.12378384983214992,False,C2,4,True,16,29.6,50,991.2,False,36.2,121,5.5,2
661,-0.0729629710258203,False,C2,5,True,17,29.4,49,991.0,False,35.6,101,5.6,2
662,1.725531462287113,False,C2,6,True,18,29.4,49,991.0,False,35.6,92,4.9,2
663,2.2073133933711286,False,C2,10,True,22,29.9,47,990.7,False,36.3,109,4.5,2
664,-0.13823956647039515,False,C2,14,True,26,29.8,49,990.5,False,35.9,114,5.4,2
665,-0.14851667751789854,False,C2,15,True,27,29.7,50,990.4,False,35.3,108,6.0,2
666,-0.18454303382727563,False,C2,16,True,28,29.6,49,990.5,False,35.9,111,5.8,2
667,-0.20927586151302266,False,C2,17,True,29,29.8,49,990.5,False,35.8,112,5.3,2
668,-0.20859824979560487,False,C2,18,True,30,29.8,48,990.4,False,36.4,113,5.5,2
669,-0.17957388123287918,False,C2,19,True,31,29.8,48,990.2,False,35.7,109,5.1,2
670,-0.2229410311476133,False,C2,20,True,32,29.9,49,990.2,False,35.7,116,6.3,2
671,-0.20317735605626272,False,C2,21,True,33,29.6,48,990.4,False,35.6,119,6.1,2
672,-0.14896841866284427,True,C2,22,True,34,29.7,48,990.2,False,36.7,116,6.9,2
673,1.9105194611421563,False,C2,1,True,35,29.5,48,990.2,False,36.6,99,8.1,2
674,-0.31193403670181175,False,C2,2,True,36,29.5,49,990.2,False,36.5,115,7.3,2
675,-0.27037385136685566,False,C2,3,True,37,29.5,49,990.2,False,36.0,105,5.3,2
676,-0.2979300612085106,False,C2,4,True,38,29.3,49,990.2,False,35.8,107,5.8,2
677,-0.28550717972251866,False,C2,5,True,39,29.4,50,990.2,False,35.7,108,5.6,2
678,-0.23186291876028114,False,C2,6,True,40,29.6,49,990.0,False,36.6,150,7.0,2
679,-0.33034248835832675,False,C2,7,True,41,30.1,47,990.2,False,37.1,115,5.1,2
680,-0.34265243455808186,False,C2,8,True,42,30.4,46,990.2,False,37.5,108,4.6,2
681,-0.32164647131813257,False,C2,9,True,43,30.6,45,989.9,False,37.3,108,6.0,2
682,-0.2611131578954805,False,C2,10,True,44,30.3,45,990.0,False,37.5,103,8.5,2
683,-0.3757424734253158,False,C2,11,True,45,30.3,46,990.0,False,37.5,99,8.6,2
684,-0.3129504542779384,False,C2,12,True,46,30.5,46,990.0,False,37.5,130,5.4,2
685,-0.28934697945455323,False,C2,13,True,47,30.5,46,990.0,False,37.2,104,6.5,2
686,-0.314531548285246,False,C2,14,True,48,30.5,47,990.0,False,36.9,142,4.6,2
687,-0.2642753459100973,False,C2,15,True,49,30.6,46,990.0,False,37.2,106,4.5,2
688,-0.10018037500876636,False,C2,16,True,50,30.5,46,989.9,False,36.7,100,4.3,2
689,-0.30651314296246956,False,C2,17,True,51,30.5,46,990.0,False,37.2,95,4.6,2
690,-0.3088847839734318,False,C2,18,True,52,30.6,46,990.2,False,37.7,109,5.5,2
691,-0.29386439090400396,False,C2,19,True,53,30.7,46,990.0,False,38.1,110,5.3,2
692,-0.2130027259588204,False,C2,20,True,54,30.5,46,990.0,False,38.1,119,5.1,2
693,-0.1380136958979231,False,C2,21,True,55,30.5,45,989.9,False,37.9,99,4.4,2
694,-0.1110221624874491,False,C2,22,True,56,30.2,45,989.7,False,37.8,102,5.0,2
695,0.509287000418696,False,C2,1,True,1,28.9,52,991.5,False,34.6,92,3.9,2
696,-0.12315060250453219,False,C2,2,True,2,28.9,51,991.5,False,34.6,149,4.1,2
697,-0.32180377099416785,False,C2,3,True,3,28.9,50,991.5,False,34.7,105,4.5,2
698,-0.38414404899660115,False,C2,4,True,4,29.0,50,991.5,False,34.7,106,5.8,2
699,-0.33693709934983085,False,C2,5,True,5,29.0,50,991.5,False,34.6,103,7.0,2
700,-0.2954898493011116,False,C2,6,True,6,28.9,50,991.2,False,34.7,110,6.6,2
701,-0.31480178324751806,False,C2,7,True,7,28.8,51,991.4,False,35.1,104,6.0,2
702,-0.2978614903120738,False,C2,8,True,8,28.9,50,991.2,False,35.3,106,5.3,2
703,-0.29537691401487637,False,C2,9,True,9,29.1,50,991.2,False,35.4,104,6.8,2
704,-0.20841674361293128,False,C2,10,True,10,29.1,51,991.2,False,35.6,99,7.0,2
705,-0.37194703808308127,False,C2,11,True,11,29.1,51,991.4,False,35.9,103,4.5,2
706,-0.38278882556176563,False,C2,12,True,12,29.3,48,991.4,False,36.0,106,4.9,2
707,-0.31480178324751806,False,C2,13,True,13,29.5,49,991.0,False,36.4,94,4.4,2
708,-0.41271667641438275,False,C2,14,True,14,29.5,49,991.0,False,36.4,103,7.0,2
709,-0.39408235418539406,False,C2,15,True,15,29.5,50,991.0,False,36.2,94,6.8,2
710,-0.169228199288939,False,C2,16,True,16,29.5,50,991.0,False,36.0,107,4.4,2
711,-0.34744008096980633,False,C2,17,True,17,29.5,49,991.0,False,35.4,106,4.5,2
712,2.120760599724331,True,C2,18,True,18,29.4,48,991.0,False,35.7,102,7.1,2
713,4.675808515534174,False,C3,2,True,20,29.7,49,990.7,False,36.1,106,5.5,3
714,4.000794309699864,False,C3,3,True,21,30.0,47,990.7,False,36.7,99,6.0,3
715,2.63935943412138,False,C3,4,True,22,29.9,47,990.7,False,36.3,109,4.5,3
716,4.648478176264994,False,C3,7,True,25,29.8,49,990.7,False,36.2,108,6.3,3
717,-0.4592460143437337,False,C3,8,True,26,29.8,49,990.5,False,35.9,114,5.4,3
718,-0.45958482020244257,False,C3,9,True,27,29.7,50,990.4,False,35.3,108,6.0,3
719,-0.45563208518417275,False,C3,10,True,28,29.6,49,990.5,False,35.9,111,5.8,3
720,-0.4866892888991518,False,C3,11,True,29,29.8,49,990.5,False,35.8,112,5.3,3
721,-0.5151489810306982,False,C3,12,True,30,29.8,48,990.4,False,36.4,113,5.5,3
722,-0.4887221240514051,False,C3,13,True,31,29.8,48,990.2,False,35.7,109,5.1,3
723,-0.5174076867554236,False,C3,14,True,32,29.6,49,990.5,False,35.6,124,4.6,3
724,-0.5004673938199808,True,C3,15,True,33,29.6,48,990.4,False,35.6,119,6.1,3
725,1.8162870680312908,False,C2,1,True,34,29.7,48,990.2,False,36.7,116,6.9,2
726,-0.5968011929795364,False,C2,2,True,35,29.5,48,990.2,False,36.6,99,8.1,2
727,-0.5901380110915955,False,C2,3,True,36,29.6,49,990.2,False,36.5,88,6.3,2
728,-0.5250872862194911,False,C2,4,True,37,29.3,49,990.2,False,35.9,105,5.4,2
729,-0.5187629101902591,False,C2,5,True,38,29.3,49,990.2,False,35.8,107,5.8,2
730,-0.5473355376080407,False,C2,6,True,39,29.4,49,990.2,False,35.8,100,5.5,2
731,-0.42705945776639115,False,C2,7,True,40,29.8,48,990.0,False,36.9,106,5.6,2
732,-0.531185791676251,False,C2,8,True,41,30.1,47,990.2,False,37.1,115,5.1,2
733,-0.5345738502633398,False,C2,9,True,42,30.4,46,990.2,False,37.5,81,2.2,2
734,-0.53976887343021,False,C2,10,True,43,30.6,45,990.0,False,37.3,95,7.9,2
735,-0.5345738502633398,False,C2,11,True,44,30.3,46,990.0,False,37.5,99,8.6,2
736,-0.5037425171208328,False,C2,12,True,45,30.4,46,990.0,False,37.5,100,6.6,2
737,-0.5193275866214401,False,C2,13,True,46,30.5,46,990.2,False,37.5,105,3.7,2
738,-0.5492554374740571,False,C2,14,True,47,30.5,47,990.0,False,36.9,142,4.6,2
739,-0.534009173832159,False,C2,15,True,48,30.6,47,990.0,False,37.2,127,4.1,2
740,-0.5254260920781999,False,C2,16,True,49,30.5,46,990.0,False,36.8,101,3.7,2
741,-0.5359290736981754,False,C2,17,True,50,30.4,46,990.0,False,36.8,106,5.8,2
742,-0.5780539354643124,False,C2,18,True,51,30.6,46,990.2,False,37.7,109,5.5,2
743,-0.45834253205384384,False,C2,19,True,52,30.6,46,990.0,False,38.1,106,4.8,2
744,-0.4996768468163263,False,C2,20,True,53,30.6,46,990.0,False,38.1,105,5.3,2
745,-0.41429777042169036,False,C2,21,True,54,30.5,45,989.9,False,37.9,99,4.4,2
746,-0.612725068338854,False,C2,22,True,55,30.3,45,990.0,False,37.9,102,4.6,2
747,-0.4808166540148655,False,C2,23,True,56,30.1,46,990.0,False,37.7,107,7.8,2
748,0.1797590951023013,False,C3,2,False,1,28.9,52,991.7,False,34.6,111,2.0,3
749,-0.10596717907551471,False,C3,3,False,2,28.9,51,991.5,False,34.6,149,4.1,3
750,-0.15780447545797097,False,C3,4,False,3,28.9,50,991.5,False,34.7,105,4.5,3
751,-0.017877655811207715,False,C3,5,False,4,29.0,50,991.5,False,34.7,106,5.8,3
752,-0.011214473923266835,False,C3,6,False,5,29.1,50,991.5,False,34.7,112,6.4,3
753,-0.04148113063459126,False,C3,7,False,6,28.9,50,991.2,False,34.7,110,6.6,3
754,-0.0884622097088895,False,C3,8,False,7,28.8,51,991.4,False,35.1,104,6.0,3
755,-0.006809997760051325,False,C3,9,False,8,28.9,50,991.2,False,35.3,106,5.3,3
756,-0.043401030500609346,False,C3,10,False,9,29.0,50,991.4,False,35.3,112,7.5,3
757,-0.08338012182825622,False,C3,11,False,10,29.1,51,991.2,False,35.6,99,7.0,3
758,-0.08676818041534508,False,C3,12,False,11,29.1,51,991.4,False,35.9,103,4.5,3
759,0.04333326932886211,False,C3,13,False,12,29.3,48,991.4,False,36.0,106,4.9,3
760,-0.012569697358102377,False,C3,14,False,13,29.3,48,991.4,False,36.4,124,5.3,3
761,-0.026686608137638734,False,C3,15,False,14,29.5,49,991.0,False,36.4,103,7.0,3
762,-0.07705574579902423,False,C3,16,False,15,29.5,50,991.0,False,36.2,94,6.8,3
763,-0.06101893515346978,False,C3,17,False,16,29.6,50,991.2,False,36.2,121,5.5,3
764,-0.10495076149938805,False,C3,18,False,17,29.4,49,991.0,False,35.6,101,5.6,3
765,1.5254959658939444,True,C3,19,False,18,29.4,49,991.0,False,35.6,92,4.9,3
766,2.443208101850043,False,C3,5,False,22,29.9,47,990.7,False,36.3,109,4.5,3
767,-0.07524878121924297,False,C3,9,False,26,29.8,49,990.5,False,35.9,114,5.4,3
768,-0.19507311991594836,False,C3,10,False,27,29.7,50,990.4,False,35.3,108,6.0,3
769,-0.21540147143847987,False,C3,11,False,28,29.6,49,990.5,False,35.9,111,5.8,3
770,-0.22003181817416745,False,C3,12,False,29,29.8,49,990.5,False,35.8,112,5.3,3
771,-0.22545271191350963,False,C3,13,False,30,29.8,48,990.4,False,36.4,113,5.5,3
772,-0.2554934980523636,False,C3,14,False,31,29.8,48,990.2,False,35.7,109,5.1,3
773,-0.23674624053713966,False,C3,15,False,32,29.9,49,990.2,False,35.7,116,6.3,3
774,-0.2226293297576033,False,C3,16,False,33,29.6,48,990.4,False,35.6,119,6.1,3
775,-0.25459001576247214,False,C3,17,False,34,29.7,48,990.2,False,36.7,116,6.9,3
776,-0.2873412487709972,False,C3,18,False,35,29.5,48,990.2,False,36.6,99,8.1,3
777,-0.2543641451900001,False,C3,19,False,36,29.5,49,990.2,False,36.5,115,7.3,3
778,-0.2706268264080266,False,C3,20,False,37,29.5,49,990.2,False,36.0,105,5.3,3
779,-0.281920355031655,False,C3,21,False,38,29.3,49,990.2,False,35.8,107,5.8,3
780,-0.32641685780875423,False,C3,22,False,39,29.4,50,990.2,False,35.7,108,5.6,3
781,-0.22725967649329087,False,C3,23,False,40,29.6,49,990.0,False,36.6,150,7.0,3
782,-0.10088509119488143,True,C3,24,False,41,30.1,47,990.2,False,37.1,115,5.1,3
783,3.6422420358207432,False,C2,2,False,42,30.4,46,990.2,False,37.5,81,2.2,2
784,-0.28993876035443145,False,C2,3,False,43,30.6,45,990.0,False,37.3,95,7.9,2
785,-0.265996479672339,False,C2,4,False,44,30.3,45,990.0,False,37.5,103,8.5,2
786,-0.2583168802082699,False,C2,5,False,45,30.4,46,990.0,False,37.5,100,6.6,2
787,-0.257187527345908,False,C2,6,False,46,30.5,46,990.2,False,37.5,105,3.7,2
788,-0.1456074645444527,False,C2,7,False,47,30.5,47,990.0,False,36.9,142,4.6,2
789,-0.25650991562849024,False,C2,8,False,48,30.6,47,990.0,False,37.2,127,4.1,2
790,-0.2324546996601594,False,C2,9,False,49,30.5,46,990.0,False,36.8,101,3.7,2
791,-0.2186765947393319,False,C2,10,False,50,30.4,46,990.0,False,36.8,106,5.8,2
792,-0.12155224857612183,False,C2,11,False,51,30.5,46,990.0,False,37.2,95,4.6,2
793,-0.2706268264080266,False,C2,12,False,52,30.6,46,990.0,False,38.1,106,4.8,2
794,-0.2702880205493177,False,C2,13,False,53,30.6,46,990.0,False,38.1,105,5.3,2
795,-0.28282383732154487,False,C2,14,False,54,30.5,45,989.9,False,37.9,99,4.4,2
796,-0.294343236517647,False,C2,15,False,55,30.3,45,990.0,False,37.9,102,4.6,2
797,-0.09478658573812149,False,C2,16,False,56,30.1,46,990.0,False,37.7,107,7.8,2
798,0.0,True,C3,1,True,1,28.9,52,991.5,False,34.6,92,3.9,3
799,0.5006634324300527,False,C3,1,True,1,28.9,52,991.5,False,34.6,92,3.9,3
800,-0.31642336348951156,False,C3,2,True,2,28.9,51,991.5,False,34.6,149,4.1,3
801,-0.40033428116307673,False,C3,3,True,3,28.9,50,991.5,False,34.7,105,4.5,3
802,-0.4023671163153284,False,C3,4,True,4,29.0,50,991.5,False,34.7,106,5.8,3
803,0.8908548463764374,True,C3,5,True,5,29.0,50,991.5,False,34.6,103,7.0,3
804,1.8278789162789424,False,C3,1,True,6,28.8,50,991.4,False,34.8,101,6.1,3
805,-0.49610340389145124,False,C3,2,True,7,28.9,50,991.5,False,35.2,113,5.3,3
806,-0.40790094534090743,False,C3,3,True,8,28.9,50,991.2,False,35.3,106,5.3,3
807,-0.3951392579962066,False,C3,4,True,9,29.1,50,991.2,False,35.4,104,6.8,3
808,-0.411740745072942,False,C3,5,True,10,29.2,51,991.4,False,35.8,104,6.0,3
809,-0.3850880175211769,False,C3,6,True,11,29.2,50,991.2,False,36.0,112,3.2,3
810,-0.38689498210095813,False,C3,7,True,12,29.3,48,991.4,False,36.0,106,4.9,3
811,-0.31800445749681916,False,C3,8,True,13,29.5,49,991.0,False,36.4,94,4.4,3
812,-0.4109501980692874,False,C3,9,True,14,29.4,49,991.0,False,36.4,103,7.0,3
813,-0.40191537517038434,False,C3,10,True,15,29.5,50,991.0,False,36.2,94,6.8,3
814,-0.35041688464663534,False,C3,11,True,16,29.5,50,991.0,False,36.0,107,4.4,3
815,-0.3163104282032764,False,C3,12,True,17,29.5,49,991.0,False,35.4,106,4.5,3
816,2.9912252997989763,True,C3,13,True,18,29.4,48,991.0,False,35.7,102,7.1,3
817,2.002025127655303,False,C2,2,True,20,29.7,49,990.7,False,36.1,106,5.5,2
818,3.0438531431850855,False,C2,3,True,21,30.0,47,990.7,False,36.7,99,6.0,2
819,3.4087470530145407,False,C2,4,True,22,29.9,47,990.7,False,36.3,109,4.5,2
820,3.783466332746555,False,C2,7,True,25,29.8,49,990.7,False,36.2,108,6.3,2
821,-0.27621840158939265,False,C2,8,True,26,29.8,49,990.5,False,35.9,114,5.4,2
822,-0.39378403456137107,False,C2,9,True,27,29.7,50,990.4,False,35.3,108,6.0,2
823,-0.3661148894334793,False,C2,10,True,28,29.6,49,990.5,False,35.9,111,5.8,2
824,-0.39886612244200437,False,C2,11,True,29,29.8,48,990.4,False,36.3,110,6.1,2
825,-0.39818851072458655,False,C2,12,True,30,29.8,48,990.4,False,36.4,113,5.5,2
826,-0.3707452361691685,False,C2,13,True,31,29.8,48,990.2,False,35.7,109,5.1,2
827,-0.3903959759742822,False,C2,14,True,32,29.6,49,990.5,False,35.6,124,4.6,2
828,-0.3487228553530909,False,C2,15,True,33,29.6,47,990.2,False,36.2,95,5.8,2
829,-0.4514939658281152,False,C2,16,True,34,29.7,48,990.2,False,36.7,116,6.9,2
830,-0.47396808778913685,False,C2,17,True,35,29.5,48,990.2,False,36.6,99,8.1,2
831,-0.39649448143104216,False,C2,18,True,36,29.6,49,990.2,False,36.5,88,6.3,2
832,-0.38215170007903376,False,C2,19,True,37,29.3,49,990.2,False,35.9,105,5.4,2
833,-0.19196867805711862,False,C2,20,True,38,29.3,49,990.2,False,35.8,107,5.8,2
834,-0.4760009229413902,False,C2,21,True,39,29.4,49,990.2,False,35.8,100,5.5,2
835,-0.45522083027391297,False,C2,22,True,40,29.8,48,990.0,False,36.9,106,5.6,2
836,-0.47746908166246255,False,C2,23,True,41,30.1,47,990.2,False,37.1,115,5.1,2
837,-0.48526161641276694,False,C2,24,True,42,30.4,46,990.2,False,37.5,81,2.2,2
838,-0.5005078800546667,False,C2,25,True,43,30.6,45,990.0,False,37.3,95,7.9,2
839,-0.49440937459790685,False,C2,26,True,44,30.3,46,990.0,False,37.5,99,8.6,2
840,-0.47611385822762703,False,C2,27,True,45,30.4,46,990.0,False,37.5,100,6.6,2
841,-0.5062675796527162,False,C2,28,True,46,30.5,46,990.2,False,37.5,105,3.7,2
842,-0.4383934726247055,False,C2,29,True,47,30.5,47,990.0,False,36.9,142,4.6,2
843,-0.518803396424945,False,C2,30,True,48,30.6,46,990.0,False,37.2,106,4.5,2
844,-0.4470894896648997,False,C2,31,True,49,30.5,46,990.0,False,36.8,101,3.7,2
845,-0.4208885032580803,False,C2,32,True,50,30.4,46,990.0,False,36.8,106,5.8,2
846,-0.1708497795309325,False,C2,33,True,51,30.6,46,990.2,False,37.7,109,5.5,2
847,-0.42235666197915267,False,C2,34,True,52,30.7,46,990.0,False,38.1,110,5.3,2
848,-0.46391684731410715,False,C2,35,True,53,30.6,46,990.0,False,38.1,105,5.3,2
849,-0.5238854843055782,False,C2,36,True,54,30.5,45,989.9,False,37.9,99,4.4,2
850,-0.46233575330679955,False,C2,37,True,55,30.2,45,989.7,False,37.8,102,5.0,2
851,-0.47024122334334073,False,C2,38,True,56,30.0,47,989.7,False,37.7,109,6.0,2
852,0.11423178332228254,False,C3,1,True,1,28.9,52,991.7,False,34.6,111,2.0,3
853,-0.1292566938031596,False,C3,2,True,2,28.9,51,991.5,False,34.6,149,4.1,3
854,-0.1598621563731945,False,C3,3,True,3,28.9,50,991.5,False,34.7,105,4.5,3
855,-0.13964674013689984,False,C3,4,True,4,29.0,50,991.5,False,34.7,106,5.8,3
856,-0.07437014469232338,False,C3,5,True,5,29.1,50,991.5,False,34.7,112,6.4,3
857,-0.15161788047794605,False,C3,6,True,6,28.9,50,991.2,False,34.7,110,6.6,3
858,-0.1752213553013312,False,C3,7,True,7,28.8,51,991.4,False,35.1,104,6.0,3
859,-0.09740894308452598,False,C3,8,True,8,28.9,50,991.5,False,35.2,113,5.3,3
860,-0.13151539952788657,False,C3,9,True,9,29.0,50,991.4,False,35.3,112,7.5,3
861,-0.15907160936954154,False,C3,10,True,10,29.1,51,991.2,False,35.6,99,7.0,3
862,-0.11457510659244231,False,C3,11,True,11,29.1,51,991.4,False,35.9,103,4.5,3
863,-0.0661258687970733,False,C3,12,True,12,29.2,50,991.2,False,36.0,112,3.2,3
864,-0.09243979049012953,True,C3,13,True,13,29.3,48,991.4,False,36.4,124,5.3,3
865,2.7028214791443044,False,C2,1,True,14,29.5,49,991.0,False,36.4,103,7.0,2
866,-0.16844523812715348,False,C2,2,True,15,29.5,50,991.0,False,36.2,94,6.8,2
867,-0.2149745760565044,False,C2,3,True,16,29.5,50,991.0,False,36.0,107,4.4,2
868,-0.18436911348647111,False,C2,4,True,17,29.4,49,991.0,False,35.6,101,5.6,2
869,2.0759177052466553,False,C2,5,True,18,29.4,49,991.0,False,35.6,92,4.9,2
870,2.36198278528318,False,C2,9,True,22,29.9,47,990.7,False,36.3,109,4.5,2
871,-0.11581739474104102,False,C2,13,True,26,29.8,49,990.5,False,35.9,114,5.4,2
872,-0.23586760401021847,False,C2,14,True,27,29.7,50,990.4,False,35.3,108,6.0,2
873,-0.27144221917464983,False,C2,15,True,28,29.6,49,990.5,False,35.9,111,5.8,2
874,-0.24716113263384853,False,C2,16,True,29,29.8,49,990.5,False,35.8,112,5.3,2
875,-0.2407238213183797,False,C2,17,True,30,29.8,48,990.4,False,36.4,113,5.5,2
876,-0.28951186497245757,False,C2,18,True,31,29.8,48,990.2,False,35.7,109,5.1,2
877,-0.26432729614176487,False,C2,19,True,32,29.9,49,990.2,False,35.7,116,6.3,2
878,-0.24569297391277614,False,C2,20,True,33,29.6,48,990.4,False,35.6,119,6.1,2
879,-0.3057745461904825,False,C2,21,True,34,29.7,48,990.2,False,36.7,116,6.9,2
880,-0.282396941939571,False,C2,22,True,35,29.4,48,990.2,False,36.8,101,6.6,2
881,-0.2487422266411561,True,C2,23,True,36,29.5,49,990.2,False,36.5,115,7.3,2
882,1.994830169728998,False,C2,1,True,37,29.5,49,990.2,False,36.0,105,5.3,2
883,-0.4209685381515003,False,C2,2,True,38,29.3,49,990.2,False,35.8,107,5.8,2
884,-0.2181367640711212,False,C2,3,True,39,29.4,49,990.2,False,35.8,100,5.5,2
885,-0.40256008649498365,False,C2,4,True,40,29.6,49,990.0,False,36.6,150,7.0,2
886,-0.38392576426599656,False,C2,5,True,41,30.1,47,990.2,False,37.1,115,5.1,2
887,-0.3983814809042418,False,C2,6,True,42,30.4,46,990.2,False,37.5,81,2.2,2
888,-0.4347466430723278,False,C2,7,True,43,30.6,45,989.9,False,37.3,108,6.0,2
889,-0.3776013882367646,False,C2,8,True,44,30.3,45,990.0,False,37.5,103,8.5,2
890,-0.40527053336465474,False,C2,9,True,45,30.4,46,990.0,False,37.5,100,6.6,2
891,-0.3224889685534547,False,C2,10,True,46,30.5,46,990.0,False,37.5,130,5.4,2
892,-0.36980885348646025,False,C2,11,True,47,30.5,46,990.0,False,37.2,104,6.5,2
893,-0.3530944311234896,False,C2,12,True,48,30.6,47,990.0,False,37.2,127,4.1,2
894,-0.34722179623920174,False,C2,13,True,49,30.6,46,990.0,False,37.2,106,4.5,2
895,-0.35851532486283016,False,C2,14,True,50,30.5,46,989.9,False,36.7,100,4.3,2
896,-0.3892337227191019,False,C2,15,True,51,30.5,46,990.0,False,37.2,95,4.6,2
897,-0.31108250464358944,False,C2,16,True,52,30.6,46,990.0,False,38.1,106,4.8,2
898,-0.2729103778957222,False,C2,17,True,53,30.7,46,990.0,False,38.1,110,5.3,2
899,-0.27550788947915644,True,C2,18,True,54,30.5,46,990.0,False,38.1,119,5.1,2
900,2.223637059643723,False,C4,4,False,55,30.3,45,990.0,False,37.9,102,4.6,4
901,-0.6256072768116591,False,C4,5,False,56,30.1,46,990.0,False,37.7,107,7.8,4
902,0.4813372483944613,False,C3,1,True,1,28.9,52,991.5,False,34.6,92,3.9,3
903,-0.10886255747639463,False,C3,2,True,2,28.9,51,991.5,False,34.6,149,4.1,3
904,-0.11925260381013485,False,C3,3,True,3,28.9,50,991.5,False,34.7,105,4.5,3
905,-0.2685530522145101,False,C3,4,True,4,29.0,50,991.5,False,34.7,106,5.8,3
906,-0.1194784743826069,False,C3,5,True,5,29.1,50,991.5,False,34.7,112,6.4,3
907,-0.1955968573058661,False,C3,6,True,6,28.9,50,991.2,False,34.7,110,6.6,3
908,-0.18509387568589225,False,C3,7,True,7,28.8,51,991.4,False,35.1,104,6.0,3
909,-0.13122374415118107,False,C3,8,True,8,28.9,50,991.2,False,35.3,106,5.3,3
910,-0.0975690288527662,False,C3,9,True,9,29.0,50,991.4,False,35.3,112,7.5,3
911,-0.15110035452876847,True,C3,10,True,10,29.1,51,991.2,False,35.6,99,7.0,3
912,1.9703889974199549,False,C2,1,True,11,29.1,51,991.4,False,35.9,103,4.5,2
913,-0.25850181173948034,False,C2,2,True,12,29.3,48,991.4,False,36.0,106,4.9,2
914,-0.17289686477237237,False,C2,3,True,13,29.5,49,991.0,False,36.4,94,4.4,2
915,-0.2086973505092758,False,C2,4,True,14,29.5,49,991.0,False,36.4,103,7.0,2
916,-0.2107301856615291,False,C2,5,True,15,29.5,50,991.0,False,36.2,94,6.8,2
917,-0.2241694847236477,False,C2,6,True,16,29.5,50,991.0,False,36.0,107,4.4,2
