LapNumber,Stint,StintLap,TyreLife,CompoundNumeric,PredictedZScore,IsPitStop,PitStopTime,CompoundCardinal,Circuit
1,1,1,1,2,2.8440310955047607,False,0.0,MEDIUM,Catalunya
2,1,2,2,2,1.8556345701217651,False,0.0,MEDIUM,Catalunya
3,1,3,3,2,0.6683878302574158,False,0.0,MEDIUM,Catalunya
4,1,4,4,2,0.8209717869758606,False,0.0,MEDIUM,Catalunya
5,1,5,5,2,-0.06645553559064865,False,0.0,MEDIUM,Catalunya
6,1,6,6,2,-0.05033651739358902,False,0.0,MEDIUM,Catalunya
7,1,7,7,2,-0.03014334663748741,False,0.0,MEDIUM,Catalunya
8,1,8,8,2,-0.03023960068821907,False,0.0,MEDIUM,Catalunya
9,1,9,9,2,-0.009079021401703358,False,0.0,MEDIUM,Catalunya
10,1,10,10,2,0.02520900033414364,False,0.0,MEDIUM,Catalunya
11,1,11,11,2,0.0347951278090477,False,0.0,MEDIUM,Catalunya
12,1,12,12,2,0.04022977501153946,False,0.0,MEDIUM,Catalunya
13,1,13,13,2,0.03686116635799408,False,0.0,MEDIUM,Catalunya
14,1,14,14,2,0.03282219171524048,False,0.0,MEDIUM,Catalunya
15,1,15,15,2,0.018174638971686363,False,0.0,MEDIUM,Catalunya
16,1,16,16,2,0.026847895234823227,False,0.0,MEDIUM,Catalunya
17,1,17,17,2,0.028421837836503983,False,0.0,MEDIUM,Catalunya
18,1,18,18,2,0.022199507802724838,False,0.0,MEDIUM,Catalunya
19,1,19,19,2,-0.013922950252890587,False,0.0,MEDIUM,Catalunya
20,1,20,20,2,-0.010876563377678394,False,0.0,MEDIUM,Catalunya
21,1,21,21,2,-0.046530142426490784,False,0.0,MEDIUM,Catalunya
22,1,22,22,2,-0.04005221277475357,False,0.0,MEDIUM,Catalunya
23,1,23,23,2,-0.045422978699207306,False,0.0,MEDIUM,Catalunya
24,1,24,24,2,-0.04210907965898514,False,0.0,MEDIUM,Catalunya
25,1,25,25,2,-0.038670510053634644,False,0.0,MEDIUM,Catalunya
26,1,26,26,2,0.0015925895422697067,False,0.0,MEDIUM,Catalunya
27,1,27,27,2,-0.0010034029837697744,False,0.0,MEDIUM,Catalunya
28,1,28,28,2,-0.005725530907511711,False,0.0,MEDIUM,Catalunya
29,1,29,29,2,-0.024880968034267426,False,0.0,MEDIUM,Catalunya
30,1,30,30,2,-0.039604075253009796,False,0.0,MEDIUM,Catalunya
31,2,1,1,1,4.542438983917236,True,23.276044469447537,HARD,Catalunya
32,2,2,2,1,1.8405499458312988,False,0.0,HARD,Catalunya
33,2,3,3,1,0.6257002949714661,False,0.0,HARD,Catalunya
34,2,4,4,1,0.6983581185340881,False,0.0,HARD,Catalunya
35,2,5,5,1,-0.3378077745437622,False,0.0,HARD,Catalunya
36,2,6,6,1,-0.34008148312568665,False,0.0,HARD,Catalunya
37,2,7,7,1,-0.3196784257888794,False,0.0,HARD,Catalunya
38,2,8,8,1,-0.3242800533771515,False,0.0,HARD,Catalunya
39,2,9,9,1,-0.3245031535625458,False,0.0,HARD,Catalunya
40,2,10,10,1,-0.3125289976596832,False,0.0,HARD,Catalunya
41,2,11,11,1,-0.28611093759536743,False,0.0,HARD,Catalunya
42,2,12,12,1,-0.24719803035259247,False,0.0,HARD,Catalunya
43,2,13,13,1,-0.2732960283756256,False,0.0,HARD,Catalunya
44,2,14,14,1,-0.27893397212028503,False,0.0,HARD,Catalunya
45,2,15,15,1,-0.3279934525489807,False,0.0,HARD,Catalunya
46,2,16,16,1,-0.32262852787971497,False,0.0,HARD,Catalunya
47,2,17,17,1,-0.3783184885978699,False,0.0,HARD,Catalunya
48,2,18,18,1,-0.3977012634277344,False,0.0,HARD,Catalunya
49,2,19,19,1,-0.4171885550022125,False,0.0,HARD,Catalunya
50,2,20,20,1,-0.4127393364906311,False,0.0,HARD,Catalunya
51,2,21,21,1,-0.40352752804756165,False,0.0,HARD,Catalunya
52,2,22,22,1,-0.3912285566329956,False,0.0,HARD,Catalunya
53,2,23,23,1,-0.3875653147697449,False,0.0,HARD,Catalunya
54,2,24,24,1,-0.38812145590782166,False,0.0,HARD,Catalunya
55,2,25,25,1,-0.4078989028930664,False,0.0,HARD,Catalunya
56,2,26,26,1,-0.4117979109287262,False,0.0,HARD,Catalunya
57,2,27,27,1,-0.4126601219177246,False,0.0,HARD,Catalunya
58,2,28,28,1,-0.415029913187027,False,0.0,HARD,Catalunya
59,2,29,29,1,-0.41143399477005005,False,0.0,HARD,Catalunya
60,2,30,30,1,-0.40124332904815674,False,0.0,HARD,Catalunya
61,2,31,31,1,-0.40403059124946594,False,0.0,HARD,Catalunya
62,2,32,32,1,-0.4028688371181488,False,0.0,HARD,Catalunya
63,2,33,33,1,-0.39979588985443115,False,0.0,HARD,Catalunya
64,2,34,34,1,-0.3883277475833893,False,0.0,HARD,Catalunya
65,2,35,35,1,-0.3869335651397705,False,0.0,HARD,Catalunya
66,2,36,36,1,-0.38319310545921326,False,0.0,HARD,Catalunya
1,1,1,1,1,1.7458511590957642,False,0.0,HARD,Spa-Francorchamps
2,1,2,2,1,4.576857089996338,False,0.0,HARD,Spa-Francorchamps
3,1,3,3,1,-0.12017355859279633,False,0.0,HARD,Spa-Francorchamps
4,1,4,4,1,-0.2706556022167206,False,0.0,HARD,Spa-Francorchamps
5,1,5,5,1,-0.19701328873634338,False,0.0,HARD,Spa-Francorchamps
6,1,6,6,1,-0.16999094188213348,False,0.0,HARD,Spa-Francorchamps
7,1,7,7,1,-0.16011416912078857,False,0.0,HARD,Spa-Francorchamps
8,1,8,8,1,-0.11825091391801834,False,0.0,HARD,Spa-Francorchamps
9,1,9,9,1,-0.07383059710264206,False,0.0,HARD,Spa-Francorchamps
10,1,10,10,1,-0.0639871135354042,False,0.0,HARD,Spa-Francorchamps
11,1,11,11,1,-0.06208977475762367,False,0.0,HARD,Spa-Francorchamps
12,1,12,12,1,-0.0622042715549469,False,0.0,HARD,Spa-Francorchamps
13,1,13,13,1,-0.06237991899251938,False,0.0,HARD,Spa-Francorchamps
14,1,14,14,1,-0.06768811494112015,False,0.0,HARD,Spa-Francorchamps
15,1,15,15,1,-0.08949220925569534,False,0.0,HARD,Spa-Francorchamps
16,1,16,16,1,-0.11246555298566818,False,0.0,HARD,Spa-Francorchamps
17,1,17,17,1,-0.14506572484970093,False,0.0,HARD,Spa-Francorchamps
18,1,18,18,1,-0.14506572484970093,False,0.0,HARD,Spa-Francorchamps
19,1,19,19,1,-0.14380209147930145,False,0.0,HARD,Spa-Francorchamps
20,1,20,20,1,-0.14380209147930145,False,0.0,HARD,Spa-Francorchamps
21,1,21,21,1,-0.1456952542066574,False,0.0,HARD,Spa-Francorchamps
22,2,1,1,4,2.8897833824157715,True,21.012993338164357,SOFT,Spa-Francorchamps
23,2,2,2,4,-0.04390900209546089,False,0.0,SOFT,Spa-Francorchamps
24,2,3,3,4,-0.3464426100254059,False,0.0,SOFT,Spa-Francorchamps
25,2,4,4,4,-0.36449286341667175,False,0.0,SOFT,Spa-Francorchamps
26,2,5,5,4,-0.3972795009613037,False,0.0,SOFT,Spa-Francorchamps
27,2,6,6,4,-0.40918973088264465,False,0.0,SOFT,Spa-Francorchamps
28,2,7,7,4,-0.414238840341568,False,0.0,SOFT,Spa-Francorchamps
29,2,8,8,4,-0.4089984595775604,False,0.0,SOFT,Spa-Francorchamps
30,2,9,9,4,-0.40914618968963623,False,0.0,SOFT,Spa-Francorchamps
31,2,10,10,4,-0.3869699537754059,False,0.0,SOFT,Spa-Francorchamps
32,2,11,11,4,-0.42925167083740234,False,0.0,SOFT,Spa-Francorchamps
33,2,12,12,4,-0.44139376282691956,False,0.0,SOFT,Spa-Francorchamps
34,2,13,13,4,-0.437582403421402,False,0.0,SOFT,Spa-Francorchamps
35,2,14,14,4,-0.42595601081848145,False,0.0,SOFT,Spa-Francorchamps
36,2,15,15,4,-0.42173096537590027,False,0.0,SOFT,Spa-Francorchamps
37,2,16,16,4,-0.42662015557289124,False,0.0,SOFT,Spa-Francorchamps
38,2,17,17,4,-0.44933587312698364,False,0.0,SOFT,Spa-Francorchamps
39,2,18,18,4,-0.45419618487358093,False,0.0,SOFT,Spa-Francorchamps
40,2,19,19,4,-0.4688172936439514,False,0.0,SOFT,Spa-Francorchamps
41,2,20,20,4,-0.4645073413848877,False,0.0,SOFT,Spa-Francorchamps
42,2,21,21,4,-0.46144410967826843,False,0.0,SOFT,Spa-Francorchamps
43,2,22,22,4,-0.4560745060443878,False,0.0,SOFT,Spa-Francorchamps
44,2,23,23,4,-0.47229939699172974,False,0.0,SOFT,Spa-Francorchamps
1,1,1,1,3,0.7005693316459656,False,0.0,MEDIUM,Silverstone
2,1,2,2,3,1.2076208591461182,False,0.0,MEDIUM,Silverstone
3,1,3,3,3,0.39531898498535156,False,0.0,MEDIUM,Silverstone
4,1,4,4,3,0.48669448494911194,False,0.0,MEDIUM,Silverstone
5,1,5,5,3,0.24221500754356384,False,0.0,MEDIUM,Silverstone
6,1,6,6,3,0.0486781932413578,False,0.0,MEDIUM,Silverstone
7,1,7,7,3,-0.1908206343650818,False,0.0,MEDIUM,Silverstone
8,1,8,8,3,-0.17932692170143127,False,0.0,MEDIUM,Silverstone
9,1,9,9,3,-0.28779298067092896,False,0.0,MEDIUM,Silverstone
10,1,10,10,3,-0.28779298067092896,False,0.0,MEDIUM,Silverstone
11,1,11,11,3,-0.39934828877449036,False,0.0,MEDIUM,Silverstone
12,1,12,12,3,-0.4020892381668091,False,0.0,MEDIUM,Silverstone
13,1,13,13,3,-0.4020892381668091,False,0.0,MEDIUM,Silverstone
14,1,14,14,3,-0.4020892381668091,False,0.0,MEDIUM,Silverstone
15,1,15,15,3,-0.4020892381668091,False,0.0,MEDIUM,Silverstone
16,1,16,16,3,-0.3935287296772003,False,0.0,MEDIUM,Silverstone
17,2,1,1,2,1.4417364597320557,True,27.421737393975917,HARD,Silverstone
18,2,2,2,2,1.2337455749511719,False,0.0,HARD,Silverstone
19,2,3,3,2,0.3522193431854248,False,0.0,HARD,Silverstone
20,2,4,4,2,0.43434402346611023,False,0.0,HARD,Silverstone
21,2,5,5,2,0.158157616853714,False,0.0,HARD,Silverstone
22,2,6,6,2,-0.058925893157720566,False,0.0,HARD,Silverstone
23,2,7,7,2,-0.29266098141670227,False,0.0,HARD,Silverstone
24,2,8,8,2,-0.29266098141670227,False,0.0,HARD,Silverstone
25,2,9,9,2,-0.3057291805744171,False,0.0,HARD,Silverstone
26,2,10,10,2,-0.3057291805744171,False,0.0,HARD,Silverstone
27,2,11,11,2,-0.4172844886779785,False,0.0,HARD,Silverstone
28,2,12,12,2,-0.4172844886779785,False,0.0,HARD,Silverstone
29,2,13,13,2,-0.4172844886779785,False,0.0,HARD,Silverstone
30,2,14,14,2,-0.4172844886779785,False,0.0,HARD,Silverstone
31,2,15,15,2,-0.36186927556991577,False,0.0,HARD,Silverstone
32,2,16,16,2,-0.2140343189239502,False,0.0,HARD,Silverstone
33,2,17,17,2,0.9060993194580078,False,0.0,HARD,Silverstone
34,2,18,18,2,0.8124815225601196,False,0.0,HARD,Silverstone
35,2,19,19,2,1.2784934043884277,False,0.0,HARD,Silverstone
36,2,20,20,2,1.2784934043884277,False,0.0,HARD,Silverstone
37,2,21,21,2,1.424147605895996,False,0.0,HARD,Silverstone
38,2,22,22,2,1.223493218421936,False,0.0,HARD,Silverstone
39,2,23,23,2,-0.1418750286102295,False,0.0,HARD,Silverstone
40,2,24,24,2,-0.13388068974018097,False,0.0,HARD,Silverstone
41,2,25,25,2,-0.5055301785469055,False,0.0,HARD,Silverstone
42,2,26,26,2,-0.44643181562423706,False,0.0,HARD,Silverstone
43,2,27,27,2,-0.8014636039733887,False,0.0,HARD,Silverstone
44,2,28,28,2,-0.8013083338737488,False,0.0,HARD,Silverstone
45,2,29,29,2,-0.8013083338737488,False,0.0,HARD,Silverstone
46,2,30,30,2,-0.815696656703949,False,0.0,HARD,Silverstone
47,2,31,31,2,-0.8534442782402039,False,0.0,HARD,Silverstone
48,2,32,32,2,-0.961022675037384,False,0.0,HARD,Silverstone
49,2,33,33,2,-0.9096011519432068,False,0.0,HARD,Silverstone
50,2,34,34,2,-0.9191074967384338,False,0.0,HARD,Silverstone
51,2,35,35,2,-0.9223616123199463,False,0.0,HARD,Silverstone
52,2,36,36,2,-0.9189640283584595,False,0.0,HARD,Silverstone
1,1,1,1,3,4.037936210632324,False,0.0,HARD,Singapore
2,1,2,2,3,5.684323310852051,False,0.0,HARD,Singapore
3,1,3,3,3,1.6664952039718628,False,0.0,HARD,Singapore
4,1,4,4,3,1.6567816734313965,False,0.0,HARD,Singapore
5,1,5,5,3,0.40539348125457764,False,0.0,HARD,Singapore
6,1,6,6,3,0.3635770082473755,False,0.0,HARD,Singapore
7,1,7,7,3,0.299848735332489,False,0.0,HARD,Singapore
8,1,8,8,3,0.3053082227706909,False,0.0,HARD,Singapore
9,1,9,9,3,0.3053082227706909,False,0.0,HARD,Singapore
10,1,10,10,3,0.34811824560165405,False,0.0,HARD,Singapore
11,1,11,11,3,0.34811824560165405,False,0.0,HARD,Singapore
12,1,12,12,3,0.3565683960914612,False,0.0,HARD,Singapore
13,1,13,13,3,0.3575010597705841,False,0.0,HARD,Singapore
14,1,14,14,3,0.35790038108825684,False,0.0,HARD,Singapore
15,1,15,15,3,0.34645819664001465,False,0.0,HARD,Singapore
16,1,16,16,3,0.4330046474933624,False,0.0,HARD,Singapore
17,1,17,17,3,0.44276997447013855,False,0.0,HARD,Singapore
18,1,18,18,3,0.44373226165771484,False,0.0,HARD,Singapore
19,1,19,19,3,0.44758716225624084,False,0.0,HARD,Singapore
20,1,20,20,3,0.683392345905304,False,0.0,HARD,Singapore
21,1,21,21,3,0.7206223011016846,False,0.0,HARD,Singapore
22,1,22,22,3,2.2434232234954834,False,0.0,HARD,Singapore
23,1,23,23,3,0.17277276515960693,False,0.0,HARD,Singapore
24,1,24,24,3,0.15040551126003265,False,0.0,HARD,Singapore
25,1,25,25,3,0.1509399116039276,False,0.0,HARD,Singapore
26,1,26,26,3,0.17176567018032074,False,0.0,HARD,Singapore
27,1,27,27,3,0.1461409032344818,False,0.0,HARD,Singapore
28,1,28,28,3,0.14787858724594116,False,0.0,HARD,Singapore
29,1,29,29,3,0.1298949271440506,False,0.0,HARD,Singapore
30,1,30,30,3,0.11214832216501236,False,0.0,HARD,Singapore
31,1,31,31,3,0.10170978307723999,False,0.0,HARD,Singapore
32,1,32,32,3,0.07901998609304428,False,0.0,HARD,Singapore
33,1,33,33,3,0.07600963860750198,False,0.0,HARD,Singapore
34,1,34,34,3,0.09268542379140854,False,0.0,HARD,Singapore
35,2,1,1,5,5.684316158294678,True,21.22716174090273,SOFT,Singapore
36,2,2,2,5,6.201218605041504,False,0.0,SOFT,Singapore
37,2,3,3,5,2.4135239124298096,False,0.0,SOFT,Singapore
38,2,4,4,5,3.2105202674865723,False,0.0,SOFT,Singapore
39,2,5,5,5,-0.21372751891613007,False,0.0,SOFT,Singapore
40,2,6,6,5,-0.20596931874752045,False,0.0,SOFT,Singapore
41,2,7,7,5,-0.20750342309474945,False,0.0,SOFT,Singapore
42,2,8,8,5,-0.20684294402599335,False,0.0,SOFT,Singapore
43,2,9,9,5,-0.10796540230512619,False,0.0,SOFT,Singapore
44,2,10,10,5,-0.10302083939313889,False,0.0,SOFT,Singapore
45,2,11,11,5,-0.204611137509346,False,0.0,SOFT,Singapore
46,2,12,12,5,-0.6052536964416504,False,0.0,SOFT,Singapore
47,2,13,13,5,-0.5620627403259277,False,0.0,SOFT,Singapore
48,2,14,14,5,-0.6421165466308594,False,0.0,SOFT,Singapore
49,2,15,15,5,-0.41656237840652466,False,0.0,SOFT,Singapore
50,2,16,16,5,-0.33116963505744934,False,0.0,SOFT,Singapore
51,2,17,17,5,-0.3871321976184845,False,0.0,SOFT,Singapore
52,2,18,18,5,-0.33373498916625977,False,0.0,SOFT,Singapore
53,2,19,19,5,-0.3218480050563812,False,0.0,SOFT,Singapore
54,2,20,20,5,-0.2986743748188019,False,0.0,SOFT,Singapore
55,2,21,21,5,-0.4223051965236664,False,0.0,SOFT,Singapore
56,2,22,22,5,-0.42010852694511414,False,0.0,SOFT,Singapore
57,2,23,23,5,-0.4565999209880829,False,0.0,SOFT,Singapore
58,2,24,24,5,-0.4030431807041168,False,0.0,SOFT,Singapore
59,2,25,25,5,-0.3878677785396576,False,0.0,SOFT,Singapore
60,2,26,26,5,-0.3182954490184784,False,0.0,SOFT,Singapore
61,2,27,27,5,0.016818581148982048,False,0.0,SOFT,Singapore
62,2,28,28,5,0.002966480329632759,False,0.0,SOFT,Singapore
1,1,1,1,4,3.181339740753174,False,0.0,MEDIUM,Hungaroring
2,1,2,2,4,3.5920748710632324,False,0.0,MEDIUM,Hungaroring
3,1,3,3,4,0.2826486825942993,False,0.0,MEDIUM,Hungaroring
4,1,4,4,4,0.3116361200809479,False,0.0,MEDIUM,Hungaroring
5,1,5,5,4,0.12999658286571503,False,0.0,MEDIUM,Hungaroring
6,1,6,6,4,-0.01952333189547062,False,0.0,MEDIUM,Hungaroring
7,1,7,7,4,0.03522356599569321,False,0.0,MEDIUM,Hungaroring
8,1,8,8,4,-0.0061544934287667274,False,0.0,MEDIUM,Hungaroring
9,1,9,9,4,-0.0032886702101677656,False,0.0,MEDIUM,Hungaroring
10,1,10,10,4,0.0002582739107310772,False,0.0,MEDIUM,Hungaroring
11,1,11,11,4,-0.002945532090961933,False,0.0,MEDIUM,Hungaroring
12,1,12,12,4,-0.002524586860090494,False,0.0,MEDIUM,Hungaroring
13,1,13,13,4,-0.006966692395508289,False,0.0,MEDIUM,Hungaroring
14,1,14,14,4,0.005132610909640789,False,0.0,MEDIUM,Hungaroring
15,1,15,15,4,0.04536433890461922,False,0.0,MEDIUM,Hungaroring
16,1,16,16,4,0.042167603969573975,False,0.0,MEDIUM,Hungaroring
17,1,17,17,4,0.06028032675385475,False,0.0,MEDIUM,Hungaroring
18,1,18,18,4,0.0723956748843193,False,0.0,MEDIUM,Hungaroring
19,1,19,19,4,0.07335525006055832,False,0.0,MEDIUM,Hungaroring
20,1,20,20,4,0.06427715718746185,False,0.0,MEDIUM,Hungaroring
21,1,21,21,4,0.0968899205327034,False,0.0,MEDIUM,Hungaroring
22,1,22,22,4,0.08844221383333206,False,0.0,MEDIUM,Hungaroring
23,1,23,23,4,-0.005643743090331554,False,0.0,MEDIUM,Hungaroring
24,1,24,24,4,0.0022469679825007915,False,0.0,MEDIUM,Hungaroring
25,1,25,25,4,0.027549181133508682,False,0.0,MEDIUM,Hungaroring
26,1,26,26,4,0.013757938519120216,False,0.0,MEDIUM,Hungaroring
27,1,27,27,4,0.010762894526124,False,0.0,MEDIUM,Hungaroring
28,1,28,28,4,0.012878743931651115,False,0.0,MEDIUM,Hungaroring
29,1,29,29,4,-0.029505962505936623,False,0.0,MEDIUM,Hungaroring
30,1,30,30,4,-0.019144736230373383,False,0.0,MEDIUM,Hungaroring
31,1,31,31,4,0.0046997289173305035,False,0.0,MEDIUM,Hungaroring
32,1,32,32,4,0.0307916272431612,False,0.0,MEDIUM,Hungaroring
33,1,33,33,4,0.03898658975958824,False,0.0,MEDIUM,Hungaroring
34,1,34,34,4,0.029112497344613075,False,0.0,MEDIUM,Hungaroring
35,2,1,1,3,4.387380123138428,True,23.1016438129374,HARD,Hungaroring
36,2,2,2,3,3.5101466178894043,False,0.0,HARD,Hungaroring
37,2,3,3,3,-0.246302530169487,False,0.0,HARD,Hungaroring
38,2,4,4,3,-0.22745177149772644,False,0.0,HARD,Hungaroring
39,2,5,5,3,-0.29771673679351807,False,0.0,HARD,Hungaroring
40,2,6,6,3,-0.2919308841228485,False,0.0,HARD,Hungaroring
41,2,7,7,3,-0.3063276410102844,False,0.0,HARD,Hungaroring
42,2,8,8,3,-0.35424211621284485,False,0.0,HARD,Hungaroring
43,2,9,9,3,-0.3079071640968323,False,0.0,HARD,Hungaroring
44,2,10,10,3,-0.3048926889896393,False,0.0,HARD,Hungaroring
45,2,11,11,3,-0.2974473834037781,False,0.0,HARD,Hungaroring
46,2,12,12,3,-0.35884982347488403,False,0.0,HARD,Hungaroring
47,2,13,13,3,-0.3603791892528534,False,0.0,HARD,Hungaroring
48,2,14,14,3,-0.3934737741947174,False,0.0,HARD,Hungaroring
49,2,15,15,3,-0.38381120562553406,False,0.0,HARD,Hungaroring
50,2,16,16,3,-0.38609492778778076,False,0.0,HARD,Hungaroring
51,2,17,17,3,-0.36793607473373413,False,0.0,HARD,Hungaroring
52,2,18,18,3,-0.36828044056892395,False,0.0,HARD,Hungaroring
53,2,19,19,3,-0.4108894467353821,False,0.0,HARD,Hungaroring
54,2,20,20,3,-0.4057331681251526,False,0.0,HARD,Hungaroring
55,2,21,21,3,-0.3791455626487732,False,0.0,HARD,Hungaroring
56,2,22,22,3,-0.3513670563697815,False,0.0,HARD,Hungaroring
57,2,23,23,3,-0.358237087726593,False,0.0,HARD,Hungaroring
58,2,24,24,3,-0.3529893755912781,False,0.0,HARD,Hungaroring
59,2,25,25,3,-0.3502793312072754,False,0.0,HARD,Hungaroring
60,2,26,26,3,-0.3502793312072754,False,0.0,HARD,Hungaroring
61,2,27,27,3,-0.3224928379058838,False,0.0,HARD,Hungaroring
62,2,28,28,3,-0.3063146471977234,False,0.0,HARD,Hungaroring
63,2,29,29,3,-0.3033396601676941,False,0.0,HARD,Hungaroring
64,2,30,30,3,-0.2976089119911194,False,0.0,HARD,Hungaroring
65,2,31,31,3,-0.3021794557571411,False,0.0,HARD,Hungaroring
66,2,32,32,3,-0.3062284588813782,False,0.0,HARD,Hungaroring
67,2,33,33,3,-0.30411818623542786,False,0.0,HARD,Hungaroring
68,2,34,34,3,-0.2952542006969452,False,0.0,HARD,Hungaroring
69,2,35,35,3,-0.25253283977508545,False,0.0,HARD,Hungaroring
70,2,36,36,3,-0.22795569896697998,False,0.0,HARD,Hungaroring
1,1,1,1,2,1.939297308120577,False,0.0,MEDIUM,Suzuka
2,1,2,2,2,2.30371253929976,False,0.0,MEDIUM,Suzuka
3,1,3,3,2,1.238871736966678,False,0.0,MEDIUM,Suzuka
4,1,4,4,2,-0.009746248643816716,False,0.0,MEDIUM,Suzuka
5,1,5,5,2,-0.007805602341600284,False,0.0,MEDIUM,Suzuka
6,1,6,6,2,-0.03112366574202326,False,0.0,MEDIUM,Suzuka
7,1,7,7,2,-0.05155128502006732,False,0.0,MEDIUM,Suzuka
8,1,8,8,2,-0.05155128502006732,False,0.0,MEDIUM,Suzuka
9,1,9,9,2,-0.05406328405786664,False,0.0,MEDIUM,Suzuka
10,1,10,10,2,-0.05406328405786664,False,0.0,MEDIUM,Suzuka
11,1,11,11,2,-0.06613931234585893,False,0.0,MEDIUM,Suzuka
12,1,12,12,2,-0.015719350559577447,False,0.0,MEDIUM,Suzuka
13,1,13,13,2,-0.014525703005347002,False,0.0,MEDIUM,Suzuka
14,1,14,14,2,0.0468653392740668,False,0.0,MEDIUM,Suzuka
15,1,15,15,2,-0.02086806955285544,False,0.0,MEDIUM,Suzuka
16,1,16,16,2,-0.012066948376921283,False,0.0,MEDIUM,Suzuka
17,1,17,17,2,-0.03164573221705277,False,0.0,MEDIUM,Suzuka
18,1,18,18,2,-0.04346253137002851,False,0.0,MEDIUM,Suzuka
19,1,19,19,2,-0.04346253137002851,False,0.0,MEDIUM,Suzuka
20,1,20,20,2,-0.04346253137002851,False,0.0,MEDIUM,Suzuka
21,1,21,21,2,-0.04346253137002851,False,0.0,MEDIUM,Suzuka
22,1,22,22,2,-0.032837882754372355,False,0.0,MEDIUM,Suzuka
23,1,23,23,2,-0.032837882754372355,False,0.0,MEDIUM,Suzuka
24,1,24,24,2,-0.032837882754372355,False,0.0,MEDIUM,Suzuka
25,2,1,1,3,1.9971191647229773,True,29.680199417435652,SOFT,Suzuka
26,2,2,2,3,1.1599539726029704,False,0.0,SOFT,Suzuka
27,2,3,3,3,-0.19166037245023632,False,0.0,SOFT,Suzuka
28,2,4,4,3,-0.1873870465754609,False,0.0,SOFT,Suzuka
29,2,5,5,3,-0.1879384882412229,False,0.0,SOFT,Suzuka
30,2,6,6,3,-0.19641336207054672,False,0.0,SOFT,Suzuka
31,2,7,7,3,-0.1975037365324993,False,0.0,SOFT,Suzuka
32,2,8,8,3,-0.2658133446137361,False,0.0,SOFT,Suzuka
33,2,9,9,3,-0.2636951037572623,False,0.0,SOFT,Suzuka
34,2,10,10,3,-0.31207003721362925,False,0.0,SOFT,Suzuka
35,2,11,11,3,-0.3322348610918489,False,0.0,SOFT,Suzuka
36,2,12,12,3,-0.34415974482358647,False,0.0,SOFT,Suzuka
37,2,13,13,3,-0.32891824380256035,False,0.0,SOFT,Suzuka
38,2,14,14,3,-0.32058159083678184,False,0.0,SOFT,Suzuka
39,2,15,15,3,-0.3157982817976407,False,0.0,SOFT,Suzuka
40,2,16,16,3,-0.30699716062170657,False,0.0,SOFT,Suzuka
41,2,17,17,3,-0.30699716062170657,False,0.0,SOFT,Suzuka
42,2,18,18,3,-0.3062767145741254,False,0.0,SOFT,Suzuka
43,2,19,19,3,-0.31058644297912785,False,0.0,SOFT,Suzuka
44,2,20,20,3,-0.31058644297912785,False,0.0,SOFT,Suzuka
45,2,21,21,3,-0.31058644297912785,False,0.0,SOFT,Suzuka
46,2,22,22,3,-0.30636265821491826,False,0.0,SOFT,Suzuka
47,2,23,23,3,-0.3182461511571109,False,0.0,SOFT,Suzuka
48,2,24,24,3,-0.3182461511571109,False,0.0,SOFT,Suzuka
49,2,25,25,3,-0.3182461511571109,False,0.0,SOFT,Suzuka
50,2,26,26,3,-0.3186090302187369,False,0.0,SOFT,Suzuka
51,2,27,27,3,-0.31244225167663703,False,0.0,SOFT,Suzuka
52,2,28,28,3,-0.31244225167663703,False,0.0,SOFT,Suzuka
53,2,29,29,3,-0.23813040151239026,False,0.0,SOFT,Suzuka
1,1,1,1,2,0.8387947082519531,False,0.0,HARD,Paul Ricard
2,1,2,2,2,0.09867262095212936,False,0.0,HARD,Paul Ricard
3,1,3,3,2,-0.08624790608882904,False,0.0,HARD,Paul Ricard
4,1,4,4,2,-0.28666162490844727,False,0.0,HARD,Paul Ricard
5,1,5,5,2,-0.28748518228530884,False,0.0,HARD,Paul Ricard
6,1,6,6,2,-0.28748518228530884,False,0.0,HARD,Paul Ricard
7,1,7,7,2,-0.23581039905548096,False,0.0,HARD,Paul Ricard
8,1,8,8,2,-0.23299561440944672,False,0.0,HARD,Paul Ricard
9,1,9,9,2,-0.17335176467895508,False,0.0,HARD,Paul Ricard
10,1,10,10,2,-0.1763712614774704,False,0.0,HARD,Paul Ricard
11,1,11,11,2,-0.1763712614774704,False,0.0,HARD,Paul Ricard
12,1,12,12,2,-0.1721445471048355,False,0.0,HARD,Paul Ricard
13,1,13,13,2,-0.16314679384231567,False,0.0,HARD,Paul Ricard
14,1,14,14,2,-0.16314679384231567,False,0.0,HARD,Paul Ricard
15,1,15,15,2,-0.16314679384231567,False,0.0,HARD,Paul Ricard
16,1,16,16,2,-0.17109380662441254,False,0.0,HARD,Paul Ricard
17,1,17,17,2,-0.1533001959323883,False,0.0,HARD,Paul Ricard
18,1,18,18,2,2.5441038608551025,False,0.0,HARD,Paul Ricard
19,2,1,1,3,2.0179052352905273,True,29.67325839514698,MEDIUM,Paul Ricard
20,2,2,2,3,2.2642056941986084,False,0.0,MEDIUM,Paul Ricard
21,2,3,3,3,0.0016775117255747318,False,0.0,MEDIUM,Paul Ricard
22,2,4,4,3,-0.15618301928043365,False,0.0,MEDIUM,Paul Ricard
23,2,5,5,3,-0.32539287209510803,False,0.0,MEDIUM,Paul Ricard
24,2,6,6,3,-0.3926045000553131,False,0.0,MEDIUM,Paul Ricard
25,2,7,7,3,-0.3356091380119324,False,0.0,MEDIUM,Paul Ricard
26,2,8,8,3,-0.4189437925815582,False,0.0,MEDIUM,Paul Ricard
27,2,9,9,3,-0.39334630966186523,False,0.0,MEDIUM,Paul Ricard
28,2,10,10,3,-0.396365761756897,False,0.0,MEDIUM,Paul Ricard
29,2,11,11,3,-0.396365761756897,False,0.0,MEDIUM,Paul Ricard
30,2,12,12,3,-0.3770036995410919,False,0.0,MEDIUM,Paul Ricard
31,2,13,13,3,-0.34669050574302673,False,0.0,MEDIUM,Paul Ricard
32,2,14,14,3,-0.34669050574302673,False,0.0,MEDIUM,Paul Ricard
33,2,15,15,3,-0.34669050574302673,False,0.0,MEDIUM,Paul Ricard
34,2,16,16,3,-0.3664152920246124,False,0.0,MEDIUM,Paul Ricard
35,2,17,17,3,-0.36372944712638855,False,0.0,MEDIUM,Paul Ricard
36,2,18,18,3,-0.3571559488773346,False,0.0,MEDIUM,Paul Ricard
37,2,19,19,3,-0.2859612703323364,False,0.0,MEDIUM,Paul Ricard
38,2,20,20,3,-0.40396973490715027,False,0.0,MEDIUM,Paul Ricard
39,2,21,21,3,-0.3737143576145172,False,0.0,MEDIUM,Paul Ricard
40,2,22,22,3,-0.3737143576145172,False,0.0,MEDIUM,Paul Ricard
41,2,23,23,3,-0.3737143576145172,False,0.0,MEDIUM,Paul Ricard
42,2,24,24,3,-0.3737143576145172,False,0.0,MEDIUM,Paul Ricard
43,3,1,1,4,0.3660227656364441,True,27.71265599769024,SOFT,Paul Ricard
44,3,2,2,4,-0.20060305297374725,False,0.0,SOFT,Paul Ricard
45,3,3,3,4,-0.4245074391365051,False,0.0,SOFT,Paul Ricard
46,3,4,4,4,-0.5524149537086487,False,0.0,SOFT,Paul Ricard
47,3,5,5,4,-0.5426536202430725,False,0.0,SOFT,Paul Ricard
48,3,6,6,4,-0.4689235985279083,False,0.0,SOFT,Paul Ricard
49,3,7,7,4,0.41986143589019775,False,0.0,SOFT,Paul Ricard
50,3,8,8,4,0.409725159406662,False,0.0,SOFT,Paul Ricard
51,3,9,9,4,-0.7456015348434448,False,0.0,SOFT,Paul Ricard
52,3,10,10,4,-0.7486211061477661,False,0.0,SOFT,Paul Ricard
53,3,11,11,4,-0.7438945770263672,False,0.0,SOFT,Paul Ricard
1,1,1,1,1,1.068402647972107,False,0.0,HARD,Austin
2,1,2,2,1,1.3086196184158325,False,0.0,HARD,Austin
3,1,3,3,1,-0.3989088237285614,False,0.0,HARD,Austin
4,1,4,4,1,-0.3676079213619232,False,0.0,HARD,Austin
5,1,5,5,1,-0.31104257702827454,False,0.0,HARD,Austin
6,1,6,6,1,-0.2728109061717987,False,0.0,HARD,Austin
7,1,7,7,1,-0.14510594308376312,False,0.0,HARD,Austin
8,1,8,8,1,-0.16513848304748535,False,0.0,HARD,Austin
9,1,9,9,1,-0.21019496023654938,False,0.0,HARD,Austin
10,1,10,10,1,-0.19421763718128204,False,0.0,HARD,Austin
11,1,11,11,1,-0.1183791384100914,False,0.0,HARD,Austin
12,1,12,12,1,-0.08490457385778427,False,0.0,HARD,Austin
13,1,13,13,1,-0.23588134348392487,False,0.0,HARD,Austin
14,1,14,14,1,-0.24818135797977448,False,0.0,HARD,Austin
15,1,15,15,1,-0.2445831000804901,False,0.0,HARD,Austin
16,1,16,16,1,-0.10224532335996628,False,0.0,HARD,Austin
17,1,17,17,1,0.024983501061797142,False,0.0,HARD,Austin
18,1,18,18,1,2.662339925765991,False,0.0,HARD,Austin
19,1,19,19,1,3.8439385890960693,False,0.0,HARD,Austin
20,1,20,20,1,3.8265042304992676,False,0.0,HARD,Austin
21,1,21,21,1,3.724898099899292,False,0.0,HARD,Austin
22,1,22,22,1,3.7536213397979736,False,0.0,HARD,Austin
23,1,23,23,1,3.7536213397979736,False,0.0,HARD,Austin
24,2,1,1,3,3.624094009399414,True,24.28948229645623,MEDIUM,Austin
25,2,2,2,3,5.013111591339111,False,0.0,MEDIUM,Austin
26,2,3,3,3,0.17109839618206024,False,0.0,MEDIUM,Austin
27,2,4,4,3,-0.2206953763961792,False,0.0,MEDIUM,Austin
28,2,5,5,3,-0.15409740805625916,False,0.0,MEDIUM,Austin
29,2,6,6,3,-0.18870945274829865,False,0.0,MEDIUM,Austin
30,2,7,7,3,-0.08665069192647934,False,0.0,MEDIUM,Austin
31,2,8,8,3,-0.09111247211694717,False,0.0,MEDIUM,Austin
32,2,9,9,3,-0.12120933085680008,False,0.0,MEDIUM,Austin
33,2,10,10,3,-0.12120933085680008,False,0.0,MEDIUM,Austin
34,2,11,11,3,-0.0699419230222702,False,0.0,MEDIUM,Austin
35,2,12,12,3,-0.17709675431251526,False,0.0,MEDIUM,Austin
36,2,13,13,3,-0.17286831140518188,False,0.0,MEDIUM,Austin
37,2,14,14,3,-0.19444812834262848,False,0.0,MEDIUM,Austin
38,2,15,15,3,-0.1952701061964035,False,0.0,MEDIUM,Austin
39,2,16,16,3,-0.1947111040353775,False,0.0,MEDIUM,Austin
40,2,17,17,3,-0.21474410593509674,False,0.0,MEDIUM,Austin
41,2,18,18,3,-0.2490292340517044,False,0.0,MEDIUM,Austin
42,2,19,19,3,-0.2490292340517044,False,0.0,MEDIUM,Austin
43,2,20,20,3,-0.2490292340517044,False,0.0,MEDIUM,Austin
44,2,21,21,3,-0.2476372867822647,False,0.0,MEDIUM,Austin
45,2,22,22,3,-0.236692413687706,False,0.0,MEDIUM,Austin
46,2,23,23,3,-0.236692413687706,False,0.0,MEDIUM,Austin
47,2,24,24,3,-0.236692413687706,False,0.0,MEDIUM,Austin
48,2,25,25,3,-0.236692413687706,False,0.0,MEDIUM,Austin
49,2,26,26,3,-0.2230886071920395,False,0.0,MEDIUM,Austin
50,2,27,27,3,-0.2283238023519516,False,0.0,MEDIUM,Austin
51,2,28,28,3,-0.21340437233448029,False,0.0,MEDIUM,Austin
52,2,29,29,3,-0.21340437233448029,False,0.0,MEDIUM,Austin
53,2,30,30,3,-0.2058483511209488,False,0.0,MEDIUM,Austin
54,2,31,31,3,-0.22720204293727875,False,0.0,MEDIUM,Austin
55,2,32,32,3,-0.21325808763504028,False,0.0,MEDIUM,Austin
56,2,33,33,3,-0.1628057211637497,False,0.0,MEDIUM,Austin
1,1,1,1,4,2.975003719329834,False,0.0,MEDIUM,Miami
2,1,2,2,4,1.0524182319641113,False,0.0,MEDIUM,Miami
3,1,3,3,4,-0.8766200542449951,False,0.0,MEDIUM,Miami
4,1,4,4,4,-1.2267727851867676,False,0.0,MEDIUM,Miami
5,1,5,5,4,-1.2507472038269043,False,0.0,MEDIUM,Miami
6,1,6,6,4,-1.7488868236541748,False,0.0,MEDIUM,Miami
7,1,7,7,4,-1.7435214519500732,False,0.0,MEDIUM,Miami
8,1,8,8,4,-1.7480871677398682,False,0.0,MEDIUM,Miami
9,1,9,9,4,-1.156693935394287,False,0.0,MEDIUM,Miami
10,1,10,10,4,-1.0520610809326172,False,0.0,MEDIUM,Miami
11,1,11,11,4,-1.071921467781067,False,0.0,MEDIUM,Miami
12,1,12,12,4,-1.071921467781067,False,0.0,MEDIUM,Miami
13,1,13,13,4,-1.111909031867981,False,0.0,MEDIUM,Miami
14,1,14,14,4,-1.097847819328308,False,0.0,MEDIUM,Miami
15,1,15,15,4,-1.0769373178482056,False,0.0,MEDIUM,Miami
16,1,16,16,4,-1.0454492568969727,False,0.0,MEDIUM,Miami
17,1,17,17,4,-1.06253182888031,False,0.0,MEDIUM,Miami
18,1,18,18,4,-1.0211964845657349,False,0.0,MEDIUM,Miami
19,1,19,19,4,-1.0211964845657349,False,0.0,MEDIUM,Miami
20,1,20,20,4,-1.0412334203720093,False,0.0,MEDIUM,Miami
21,1,21,21,4,-1.0412334203720093,False,0.0,MEDIUM,Miami
22,2,1,1,5,2.940586805343628,True,21.644774059707185,SOFT,Miami
23,2,2,2,5,2.112438201904297,False,0.0,SOFT,Miami
24,2,3,3,5,-1.1019947528839111,False,0.0,SOFT,Miami
25,2,4,4,5,-1.376654863357544,False,0.0,SOFT,Miami
26,2,5,5,5,-1.3283252716064453,False,0.0,SOFT,Miami
27,2,6,6,5,-1.8264646530151367,False,0.0,SOFT,Miami
28,2,7,7,5,-1.8210992813110352,False,0.0,SOFT,Miami
29,2,8,8,5,-1.8636761903762817,False,0.0,SOFT,Miami
30,2,9,9,5,-1.2572768926620483,False,0.0,SOFT,Miami
31,2,10,10,5,-1.1863218545913696,False,0.0,SOFT,Miami
32,2,11,11,5,-1.193731665611267,False,0.0,SOFT,Miami
33,2,12,12,5,-1.1979913711547852,False,0.0,SOFT,Miami
34,2,13,13,5,-1.2538633346557617,False,0.0,SOFT,Miami
35,2,14,14,5,-1.28062903881073,False,0.0,SOFT,Miami
36,2,15,15,5,-1.264456868171692,False,0.0,SOFT,Miami
37,2,16,16,5,-1.2329689264297485,False,0.0,SOFT,Miami
38,2,17,17,5,-1.2018882036209106,False,0.0,SOFT,Miami
39,2,18,18,5,-1.128364086151123,False,0.0,SOFT,Miami
40,2,19,19,5,-1.0962926149368286,False,0.0,SOFT,Miami
41,2,20,20,5,-1.1106349229812622,False,0.0,SOFT,Miami
42,2,21,21,5,-1.1547316312789917,False,0.0,SOFT,Miami
43,2,22,22,5,-1.167946696281433,False,0.0,SOFT,Miami
44,2,23,23,5,-1.2076482772827148,False,0.0,SOFT,Miami
45,2,24,24,5,-1.1881940364837646,False,0.0,SOFT,Miami
46,2,25,25,5,-1.2267861366271973,False,0.0,SOFT,Miami
47,2,26,26,5,-0.4300363063812256,False,0.0,SOFT,Miami
48,2,27,27,5,-0.49614083766937256,False,0.0,SOFT,Miami
49,2,28,28,5,-0.5101843476295471,False,0.0,SOFT,Miami
50,2,29,29,5,-0.5017721056938171,False,0.0,SOFT,Miami
51,2,30,30,5,-0.5614327788352966,False,0.0,SOFT,Miami
52,2,31,31,5,-0.5614327788352966,False,0.0,SOFT,Miami
53,2,32,32,5,-0.5566062331199646,False,0.0,SOFT,Miami
54,2,33,33,5,-0.5507573485374451,False,0.0,SOFT,Miami
55,2,34,34,5,-0.5838438868522644,False,0.0,SOFT,Miami
56,2,35,35,5,-0.6222156882286072,False,0.0,SOFT,Miami
57,2,36,36,5,-0.6616200804710388,False,0.0,SOFT,Miami
1,1,1,1,3,1.4579265117645264,False,0.0,MEDIUM,Zandvoort
2,1,2,2,3,1.2399145364761353,False,0.0,MEDIUM,Zandvoort
3,1,3,3,3,0.5745160579681396,False,0.0,MEDIUM,Zandvoort
4,1,4,4,3,0.6208370923995972,False,0.0,MEDIUM,Zandvoort
5,1,5,5,3,0.22456565499305725,False,0.0,MEDIUM,Zandvoort
6,1,6,6,3,0.26720085740089417,False,0.0,MEDIUM,Zandvoort
7,1,7,7,3,0.10879283398389816,False,0.0,MEDIUM,Zandvoort
8,1,8,8,3,0.08622988313436508,False,0.0,MEDIUM,Zandvoort
9,1,9,9,3,0.08934881538152695,False,0.0,MEDIUM,Zandvoort
10,1,10,10,3,0.12984171509742737,False,0.0,MEDIUM,Zandvoort
11,1,11,11,3,0.19025228917598724,False,0.0,MEDIUM,Zandvoort
12,1,12,12,3,0.1953994780778885,False,0.0,MEDIUM,Zandvoort
13,1,13,13,3,0.19052286446094513,False,0.0,MEDIUM,Zandvoort
14,1,14,14,3,0.1922367364168167,False,0.0,MEDIUM,Zandvoort
15,1,15,15,3,0.1924717128276825,False,0.0,MEDIUM,Zandvoort
16,1,16,16,3,0.1924717128276825,False,0.0,MEDIUM,Zandvoort
17,1,17,17,3,0.1977463960647583,False,0.0,MEDIUM,Zandvoort
18,1,18,18,3,0.18206435441970825,False,0.0,MEDIUM,Zandvoort
19,1,19,19,3,0.17608854174613953,False,0.0,MEDIUM,Zandvoort
20,1,20,20,3,0.17608854174613953,False,0.0,MEDIUM,Zandvoort
21,1,21,21,3,0.1761394739151001,False,0.0,MEDIUM,Zandvoort
22,1,22,22,3,0.05120915547013283,False,0.0,MEDIUM,Zandvoort
23,1,23,23,3,0.25185662508010864,False,0.0,MEDIUM,Zandvoort
24,1,24,24,3,0.24784938991069794,False,0.0,MEDIUM,Zandvoort
25,1,25,25,3,0.23733630776405334,False,0.0,MEDIUM,Zandvoort
26,1,26,26,3,0.2384198158979416,False,0.0,MEDIUM,Zandvoort
27,1,27,27,3,-0.24095557630062103,False,0.0,MEDIUM,Zandvoort
28,1,28,28,3,-0.20168840885162354,False,0.0,MEDIUM,Zandvoort
29,2,1,1,4,1.3349609375,True,25.972338971805218,SOFT,Zandvoort
30,2,2,2,4,0.6870501041412354,False,0.0,SOFT,Zandvoort
31,2,3,3,4,0.023672953248023987,False,0.0,SOFT,Zandvoort
32,2,4,4,4,0.07594925165176392,False,0.0,SOFT,Zandvoort
33,2,5,5,4,-0.36448046565055847,False,0.0,SOFT,Zandvoort
34,2,6,6,4,-0.359959214925766,False,0.0,SOFT,Zandvoort
35,2,7,7,4,-0.5217445492744446,False,0.0,SOFT,Zandvoort
36,2,8,8,4,-0.5262426733970642,False,0.0,SOFT,Zandvoort
37,2,9,9,4,-0.5069625973701477,False,0.0,SOFT,Zandvoort
38,2,10,10,4,-0.48432281613349915,False,0.0,SOFT,Zandvoort
39,2,11,11,4,-0.4408564865589142,False,0.0,SOFT,Zandvoort
40,2,12,12,4,-0.41597792506217957,False,0.0,SOFT,Zandvoort
41,2,13,13,4,-0.40409743785858154,False,0.0,SOFT,Zandvoort
42,2,14,14,4,-0.402619868516922,False,0.0,SOFT,Zandvoort
43,2,15,15,4,-0.4050908386707306,False,0.0,SOFT,Zandvoort
44,2,16,16,4,-0.41597798466682434,False,0.0,SOFT,Zandvoort
45,2,17,17,4,-0.41070327162742615,False,0.0,SOFT,Zandvoort
46,2,18,18,4,-0.41070327162742615,False,0.0,SOFT,Zandvoort
47,2,19,19,4,-0.4008968472480774,False,0.0,SOFT,Zandvoort
48,2,20,20,4,-0.39611414074897766,False,0.0,SOFT,Zandvoort
49,2,21,21,4,-0.40944334864616394,False,0.0,SOFT,Zandvoort
50,2,22,22,4,-0.48486393690109253,False,0.0,SOFT,Zandvoort
51,2,23,23,4,-0.4962315261363983,False,0.0,SOFT,Zandvoort
52,2,24,24,4,-0.48963651061058044,False,0.0,SOFT,Zandvoort
53,2,25,25,4,-0.4676969051361084,False,0.0,SOFT,Zandvoort
54,2,26,26,4,-0.49889248609542847,False,0.0,SOFT,Zandvoort
55,2,27,27,4,-0.27490508556365967,False,0.0,SOFT,Zandvoort
56,2,28,28,4,-0.2629970610141754,False,0.0,SOFT,Zandvoort
57,3,1,1,4,0.7738720178604126,True,32.70255297336097,SOFT,Zandvoort
58,3,2,2,4,-0.16904012858867645,False,0.0,SOFT,Zandvoort
59,3,3,3,4,0.034863799810409546,False,0.0,SOFT,Zandvoort
60,3,4,4,4,0.17968177795410156,False,0.0,SOFT,Zandvoort
61,3,5,5,4,-0.9210101366043091,False,0.0,SOFT,Zandvoort
62,3,6,6,4,-0.6628066301345825,False,0.0,SOFT,Zandvoort
63,3,7,7,4,-0.7986235022544861,False,0.0,SOFT,Zandvoort
64,3,8,8,4,-0.9723199009895325,False,0.0,SOFT,Zandvoort
65,3,9,9,4,-0.9144797921180725,False,0.0,SOFT,Zandvoort
66,3,10,10,4,-1.074066162109375,False,0.0,SOFT,Zandvoort
67,3,11,11,4,-1.0459611415863037,False,0.0,SOFT,Zandvoort
68,3,12,12,4,-1.0119725465774536,False,0.0,SOFT,Zandvoort
69,3,13,13,4,-0.9732034802436829,False,0.0,SOFT,Zandvoort
70,3,14,14,4,-0.952594518661499,False,0.0,SOFT,Zandvoort
71,3,15,15,4,-1.0067652463912964,False,0.0,SOFT,Zandvoort
72,3,16,16,4,-0.9837875366210938,False,0.0,SOFT,Zandvoort
1,1,1,1,6,2.041461944580078,False,0.0,SOFT,Monte Carlo
2,1,2,2,6,2.5251474380493164,False,0.0,SOFT,Monte Carlo
3,1,3,3,6,2.4532763957977295,False,0.0,SOFT,Monte Carlo
4,1,4,4,6,0.7871964573860168,False,0.0,SOFT,Monte Carlo
5,1,5,5,6,-0.40057405829429626,False,0.0,SOFT,Monte Carlo
6,1,6,6,6,-0.25210216641426086,False,0.0,SOFT,Monte Carlo
7,1,7,7,6,-0.28025946021080017,False,0.0,SOFT,Monte Carlo
8,1,8,8,6,-0.28025946021080017,False,0.0,SOFT,Monte Carlo
9,1,9,9,6,-0.19822905957698822,False,0.0,SOFT,Monte Carlo
10,1,10,10,6,-0.24316143989562988,False,0.0,SOFT,Monte Carlo
11,1,11,11,6,-0.2677498161792755,False,0.0,SOFT,Monte Carlo
12,1,12,12,6,-0.2677498161792755,False,0.0,SOFT,Monte Carlo
13,1,13,13,6,-0.29132580757141113,False,0.0,SOFT,Monte Carlo
14,1,14,14,6,-0.29132580757141113,False,0.0,SOFT,Monte Carlo
15,1,15,15,6,-0.28504782915115356,False,0.0,SOFT,Monte Carlo
16,1,16,16,6,-0.2722480297088623,False,0.0,SOFT,Monte Carlo
17,1,17,17,6,-0.2722480297088623,False,0.0,SOFT,Monte Carlo
18,1,18,18,6,-0.2849387228488922,False,0.0,SOFT,Monte Carlo
19,1,19,19,6,-0.2900755703449249,False,0.0,SOFT,Monte Carlo
20,1,20,20,6,-0.2900755703449249,False,0.0,SOFT,Monte Carlo
21,1,21,21,6,-0.2900755703449249,False,0.0,SOFT,Monte Carlo
22,1,22,22,6,-0.2900755703449249,False,0.0,SOFT,Monte Carlo
23,1,23,23,6,-0.2900755703449249,False,0.0,SOFT,Monte Carlo
24,1,24,24,6,-0.2900755703449249,False,0.0,SOFT,Monte Carlo
25,2,1,1,4,-0.11416362971067429,True,26.047913364196365,HARD,Monte Carlo
26,2,2,2,4,-0.47615838050842285,False,0.0,HARD,Monte Carlo
27,2,3,3,4,-0.47615838050842285,False,0.0,HARD,Monte Carlo
28,2,4,4,4,-0.439513236284256,False,0.0,HARD,Monte Carlo
29,2,5,5,4,-0.42599794268608093,False,0.0,HARD,Monte Carlo
30,2,6,6,4,-0.41541463136672974,False,0.0,HARD,Monte Carlo
31,2,7,7,4,-0.31782686710357666,False,0.0,HARD,Monte Carlo
32,2,8,8,4,-0.31782686710357666,False,0.0,HARD,Monte Carlo
33,2,9,9,4,-0.29743191599845886,False,0.0,HARD,Monte Carlo
34,2,10,10,4,-0.29743191599845886,False,0.0,HARD,Monte Carlo
35,2,11,11,4,-0.29743191599845886,False,0.0,HARD,Monte Carlo
36,2,12,12,4,-0.29743191599845886,False,0.0,HARD,Monte Carlo
37,2,13,13,4,-0.2957375645637512,False,0.0,HARD,Monte Carlo
38,2,14,14,4,-0.30941516160964966,False,0.0,HARD,Monte Carlo
39,2,15,15,4,-0.3031371831893921,False,0.0,HARD,Monte Carlo
40,2,16,16,4,-0.29033738374710083,False,0.0,HARD,Monte Carlo
41,2,17,17,4,-0.29033738374710083,False,0.0,HARD,Monte Carlo
42,2,18,18,4,-0.29033738374710083,False,0.0,HARD,Monte Carlo
43,2,19,19,4,-0.29033738374710083,False,0.0,HARD,Monte Carlo
44,2,20,20,4,-0.29033738374710083,False,0.0,HARD,Monte Carlo
45,2,21,21,4,-0.29033738374710083,False,0.0,HARD,Monte Carlo
46,2,22,22,4,-0.29033738374710083,False,0.0,HARD,Monte Carlo
47,2,23,23,4,-0.29033738374710083,False,0.0,HARD,Monte Carlo
48,2,24,24,4,-0.29033738374710083,False,0.0,HARD,Monte Carlo
49,2,25,25,4,-0.23881728947162628,False,0.0,HARD,Monte Carlo
50,2,26,26,4,-0.23881728947162628,False,0.0,HARD,Monte Carlo
51,2,27,27,4,-0.22655761241912842,False,0.0,HARD,Monte Carlo
52,2,28,28,4,-0.22655761241912842,False,0.0,HARD,Monte Carlo
53,2,29,29,4,-0.22655761241912842,False,0.0,HARD,Monte Carlo
54,2,30,30,4,-0.22655761241912842,False,0.0,HARD,Monte Carlo
55,3,1,1,4,-0.03560103476047516,True,24.992293742602907,HARD,Monte Carlo
56,3,2,2,4,-0.4632236957550049,False,0.0,HARD,Monte Carlo
57,3,3,3,4,-0.4632236957550049,False,0.0,HARD,Monte Carlo
58,3,4,4,4,-0.4265785217285156,False,0.0,HARD,Monte Carlo
59,3,5,5,4,-0.4265785217285156,False,0.0,HARD,Monte Carlo
60,3,6,6,4,-0.4394298493862152,False,0.0,HARD,Monte Carlo
61,3,7,7,4,-0.3466339409351349,False,0.0,HARD,Monte Carlo
62,3,8,8,4,-0.3466339409351349,False,0.0,HARD,Monte Carlo
63,3,9,9,4,-0.3262389898300171,False,0.0,HARD,Monte Carlo
64,3,10,10,4,-0.3262389898300171,False,0.0,HARD,Monte Carlo
65,3,11,11,4,-0.3561750650405884,False,0.0,HARD,Monte Carlo
66,3,12,12,4,-0.35857537388801575,False,0.0,HARD,Monte Carlo
67,3,13,13,4,-0.3568810224533081,False,0.0,HARD,Monte Carlo
68,3,14,14,4,-0.3568810224533081,False,0.0,HARD,Monte Carlo
69,3,15,15,4,-0.31971946358680725,False,0.0,HARD,Monte Carlo
70,3,16,16,4,-0.2834850251674652,False,0.0,HARD,Monte Carlo
71,3,17,17,4,-0.2834850251674652,False,0.0,HARD,Monte Carlo
72,3,18,18,4,-0.2834850251674652,False,0.0,HARD,Monte Carlo
73,3,19,19,4,-0.2834850251674652,False,0.0,HARD,Monte Carlo
74,3,20,20,4,-0.23991867899894714,False,0.0,HARD,Monte Carlo
75,3,21,21,4,-0.23991867899894714,False,0.0,HARD,Monte Carlo
76,3,22,22,4,-0.16085387766361237,False,0.0,HARD,Monte Carlo
77,3,23,23,4,-0.06913074105978012,False,0.0,HARD,Monte Carlo
78,3,24,24,4,-0.06913074105978012,False,0.0,HARD,Monte Carlo
1,1,1,1,6,0.8594608306884766,False,0.0,SOFT,Montreal
2,1,2,2,6,0.09831831604242325,False,0.0,SOFT,Montreal
3,1,3,3,6,0.05675754323601723,False,0.0,SOFT,Montreal
4,1,4,4,6,0.047182198613882065,False,0.0,SOFT,Montreal
5,1,5,5,6,-0.21178968250751495,False,0.0,SOFT,Montreal
6,1,6,6,6,-0.21521927416324615,False,0.0,SOFT,Montreal
7,1,7,7,6,-0.2234237790107727,False,0.0,SOFT,Montreal
8,1,8,8,6,-0.2302330881357193,False,0.0,SOFT,Montreal
9,1,9,9,6,-0.07685159891843796,False,0.0,SOFT,Montreal
10,1,10,10,6,-0.07619883120059967,False,0.0,SOFT,Montreal
11,1,11,11,6,-0.2503803074359894,False,0.0,SOFT,Montreal
12,1,12,12,6,-0.22606559097766876,False,0.0,SOFT,Montreal
13,1,13,13,6,-0.20471768081188202,False,0.0,SOFT,Montreal
14,1,14,14,6,-0.19096647202968597,False,0.0,SOFT,Montreal
15,1,15,15,6,-0.1913270503282547,False,0.0,SOFT,Montreal
16,2,1,1,4,0.27513235807418823,True,31.462465705515733,HARD,Montreal
17,2,2,2,4,0.014920889399945736,False,0.0,HARD,Montreal
18,2,3,3,4,-0.017660219222307205,False,0.0,HARD,Montreal
19,2,4,4,4,0.05565713346004486,False,0.0,HARD,Montreal
20,2,5,5,4,-0.16784118115901947,False,0.0,HARD,Montreal
21,2,6,6,4,-0.2861022651195526,False,0.0,HARD,Montreal
22,2,7,7,4,-0.29577556252479553,False,0.0,HARD,Montreal
23,2,8,8,4,-0.2934049069881439,False,0.0,HARD,Montreal
24,2,9,9,4,-0.2819623649120331,False,0.0,HARD,Montreal
25,2,10,10,4,-0.27139490842819214,False,0.0,HARD,Montreal
26,2,11,11,4,-0.2723082900047302,False,0.0,HARD,Montreal
27,2,12,12,4,-0.2678203582763672,False,0.0,HARD,Montreal
28,2,13,13,4,-0.26800379157066345,False,0.0,HARD,Montreal
29,2,14,14,4,-0.2669218182563782,False,0.0,HARD,Montreal
30,2,15,15,4,-0.2669218182563782,False,0.0,HARD,Montreal
31,2,16,16,4,-0.25961804389953613,False,0.0,HARD,Montreal
32,2,17,17,4,-0.2786247134208679,False,0.0,HARD,Montreal
33,2,18,18,4,-0.27865636348724365,False,0.0,HARD,Montreal
34,2,19,19,4,-0.2769019305706024,False,0.0,HARD,Montreal
35,2,20,20,4,-0.2626717686653137,False,0.0,HARD,Montreal
36,2,21,21,4,-0.2901704013347626,False,0.0,HARD,Montreal
37,2,22,22,4,-0.29315051436424255,False,0.0,HARD,Montreal
38,2,23,23,4,-0.25488707423210144,False,0.0,HARD,Montreal
39,2,24,24,4,-0.14409953355789185,False,0.0,HARD,Montreal
40,2,25,25,4,-0.1346384435892105,False,0.0,HARD,Montreal
41,2,26,26,4,-0.12968140840530396,False,0.0,HARD,Montreal
42,2,27,27,4,-0.12968140840530396,False,0.0,HARD,Montreal
43,2,28,28,4,-0.12968140840530396,False,0.0,HARD,Montreal
44,2,29,29,4,-0.12968140840530396,False,0.0,HARD,Montreal
45,2,30,30,4,-0.12968140840530396,False,0.0,HARD,Montreal
46,2,31,31,4,-0.12968140840530396,False,0.0,HARD,Montreal
47,2,32,32,4,-0.14053070545196533,False,0.0,HARD,Montreal
48,2,33,33,4,-0.11431476473808289,False,0.0,HARD,Montreal
49,2,34,34,4,-0.06059254705905914,False,0.0,HARD,Montreal
50,2,35,35,4,-0.07603728771209717,False,0.0,HARD,Montreal
51,3,1,1,4,0.305269330739975,True,28.986058212487453,HARD,Montreal
52,3,2,2,4,0.07946748286485672,False,0.0,HARD,Montreal
53,3,3,3,4,0.005434930790215731,False,0.0,HARD,Montreal
54,3,4,4,4,0.033843185752630234,False,0.0,HARD,Montreal
55,3,5,5,4,-0.34387949109077454,False,0.0,HARD,Montreal
56,3,6,6,4,-0.35445111989974976,False,0.0,HARD,Montreal
57,3,7,7,4,-0.364923357963562,False,0.0,HARD,Montreal
58,3,8,8,4,-0.34563401341438293,False,0.0,HARD,Montreal
59,3,9,9,4,-0.4221586585044861,False,0.0,HARD,Montreal
60,3,10,10,4,-0.410966157913208,False,0.0,HARD,Montreal
61,3,11,11,4,-0.41923511028289795,False,0.0,HARD,Montreal
62,3,12,12,4,-0.42226970195770264,False,0.0,HARD,Montreal
63,3,13,13,4,-0.42851755023002625,False,0.0,HARD,Montreal
64,3,14,14,4,-0.4290502965450287,False,0.0,HARD,Montreal
65,3,15,15,4,-0.4295288026332855,False,0.0,HARD,Montreal
66,3,16,16,4,-0.42274612188339233,False,0.0,HARD,Montreal
67,3,17,17,4,-0.44453108310699463,False,0.0,HARD,Montreal
68,3,18,18,4,-0.4432051181793213,False,0.0,HARD,Montreal
69,3,19,19,4,-0.43424075841903687,False,0.0,HARD,Montreal
70,3,20,20,4,-0.43279895186424255,False,0.0,HARD,Montreal
1,1,1,1,5,2.256406307220459,False,0.0,SOFT,Monza
2,1,2,2,5,1.2969834804534912,False,0.0,SOFT,Monza
3,1,3,3,5,0.22648155689239502,False,0.0,SOFT,Monza
4,1,4,4,5,0.7235868573188782,False,0.0,SOFT,Monza
5,1,5,5,5,-0.11568603664636612,False,0.0,SOFT,Monza
6,1,6,6,5,-0.10639255493879318,False,0.0,SOFT,Monza
7,1,7,7,5,-0.15582510828971863,False,0.0,SOFT,Monza
8,1,8,8,5,-0.155948206782341,False,0.0,SOFT,Monza
9,1,9,9,5,-0.155948206782341,False,0.0,SOFT,Monza
10,1,10,10,5,-0.15594609081745148,False,0.0,SOFT,Monza
11,1,11,11,5,-0.15439793467521667,False,0.0,SOFT,Monza
12,1,12,12,5,-0.027366794645786285,False,0.0,SOFT,Monza
13,1,13,13,5,-0.04226353019475937,False,0.0,SOFT,Monza
14,1,14,14,5,-0.053254079073667526,False,0.0,SOFT,Monza
15,1,15,15,5,-0.047635555267333984,False,0.0,SOFT,Monza
16,1,16,16,5,-0.07816918939352036,False,0.0,SOFT,Monza
17,1,17,17,5,-0.07793382555246353,False,0.0,SOFT,Monza
18,1,18,18,5,-0.06597352772951126,False,0.0,SOFT,Monza
19,1,19,19,5,-0.07632305473089218,False,0.0,SOFT,Monza
20,1,20,20,5,-0.08400756120681763,False,0.0,SOFT,Monza
21,1,21,21,5,-0.10025320947170258,False,0.0,SOFT,Monza
22,2,1,1,3,3.812242031097412,True,21.906698293223585,HARD,Monza
23,2,2,2,3,2.3581488132476807,False,0.0,HARD,Monza
24,2,3,3,3,0.46330884099006653,False,0.0,HARD,Monza
25,2,4,4,3,0.36783528327941895,False,0.0,HARD,Monza
26,2,5,5,3,-0.17428041994571686,False,0.0,HARD,Monza
27,2,6,6,3,-0.22451013326644897,False,0.0,HARD,Monza
28,2,7,7,3,-0.3865357041358948,False,0.0,HARD,Monza
29,2,8,8,3,-0.38550472259521484,False,0.0,HARD,Monza
30,2,9,9,3,-0.37783774733543396,False,0.0,HARD,Monza
31,2,10,10,3,-0.3729557394981384,False,0.0,HARD,Monza
32,2,11,11,3,-0.3733578324317932,False,0.0,HARD,Monza
33,2,12,12,3,-0.30719125270843506,False,0.0,HARD,Monza
34,2,13,13,3,-0.3582805395126343,False,0.0,HARD,Monza
35,2,14,14,3,-0.4106384515762329,False,0.0,HARD,Monza
36,2,15,15,3,-0.3900379240512848,False,0.0,HARD,Monza
37,2,16,16,3,-0.3672720193862915,False,0.0,HARD,Monza
38,2,17,17,3,-0.36552244424819946,False,0.0,HARD,Monza
39,2,18,18,3,-0.3250196576118469,False,0.0,HARD,Monza
40,2,19,19,3,-0.3262850344181061,False,0.0,HARD,Monza
41,2,20,20,3,-0.34232646226882935,False,0.0,HARD,Monza
42,2,21,21,3,-0.31381380558013916,False,0.0,HARD,Monza
43,2,22,22,3,-0.30741095542907715,False,0.0,HARD,Monza
44,2,23,23,3,-0.3190253674983978,False,0.0,HARD,Monza
45,2,24,24,3,-0.3112080693244934,False,0.0,HARD,Monza
46,2,25,25,3,-0.31837883591651917,False,0.0,HARD,Monza
47,2,26,26,3,-0.2835889160633087,False,0.0,HARD,Monza
48,2,27,27,3,-0.2653418481349945,False,0.0,HARD,Monza
49,2,28,28,3,-0.2669833302497864,False,0.0,HARD,Monza
50,2,29,29,3,-0.24626487493515015,False,0.0,HARD,Monza
51,2,30,30,3,-0.24494698643684387,False,0.0,HARD,Monza
52,2,31,31,3,-0.24926058948040009,False,0.0,HARD,Monza
53,2,32,32,3,-0.2552761733531952,False,0.0,HARD,Monza
1,1,1,1,4,0.5159257054328918,False,0.0,MEDIUM,Melbourne
2,1,2,2,4,0.8380390405654907,False,0.0,MEDIUM,Melbourne
3,1,3,3,4,0.8339407444000244,False,0.0,MEDIUM,Melbourne
4,1,4,4,4,0.5519757270812988,False,0.0,MEDIUM,Melbourne
5,1,5,5,4,0.5009155869483948,False,0.0,MEDIUM,Melbourne
6,1,6,6,4,0.3809210956096649,False,0.0,MEDIUM,Melbourne
7,1,7,7,4,-0.3025253117084503,False,0.0,MEDIUM,Melbourne
8,1,8,8,4,-0.21779507398605347,False,0.0,MEDIUM,Melbourne
9,1,9,9,4,-0.24442115426063538,False,0.0,MEDIUM,Melbourne
10,1,10,10,4,-0.2319149374961853,False,0.0,MEDIUM,Melbourne
11,1,11,11,4,-0.22635509073734283,False,0.0,MEDIUM,Melbourne
12,1,12,12,4,-0.2608577013015747,False,0.0,MEDIUM,Melbourne
13,1,13,13,4,-0.29696348309516907,False,0.0,MEDIUM,Melbourne
14,1,14,14,4,-0.29538485407829285,False,0.0,MEDIUM,Melbourne
15,1,15,15,4,-0.29538485407829285,False,0.0,MEDIUM,Melbourne
16,1,16,16,4,-0.3704228103160858,False,0.0,MEDIUM,Melbourne
17,1,17,17,4,0.17595745623111725,False,0.0,MEDIUM,Melbourne
18,1,18,18,4,-0.03965957835316658,False,0.0,MEDIUM,Melbourne
19,1,19,19,4,-0.12036591023206711,False,0.0,MEDIUM,Melbourne
20,2,1,1,3,-0.025152338668704033,True,20.638132524221582,HARD,Melbourne
21,2,2,2,3,0.14672380685806274,False,0.0,HARD,Melbourne
22,2,3,3,3,-0.36243417859077454,False,0.0,HARD,Melbourne
23,2,4,4,3,-0.2643245756626129,False,0.0,HARD,Melbourne
24,2,5,5,3,-0.2768813371658325,False,0.0,HARD,Melbourne
25,2,6,6,3,-0.2753886580467224,False,0.0,HARD,Melbourne
26,2,7,7,3,-0.2248358428478241,False,0.0,HARD,Melbourne
27,2,8,8,3,-0.28248947858810425,False,0.0,HARD,Melbourne
28,2,9,9,3,-0.2930482029914856,False,0.0,HARD,Melbourne
29,2,10,10,3,-0.28496694564819336,False,0.0,HARD,Melbourne
30,2,11,11,3,-0.35111919045448303,False,0.0,HARD,Melbourne
31,2,12,12,3,-0.32516470551490784,False,0.0,HARD,Melbourne
32,2,13,13,3,-0.33791694045066833,False,0.0,HARD,Melbourne
33,2,14,14,3,-0.34211036562919617,False,0.0,HARD,Melbourne
34,2,15,15,3,-0.34211036562919617,False,0.0,HARD,Melbourne
35,2,16,16,3,-0.34880176186561584,False,0.0,HARD,Melbourne
36,2,17,17,3,-0.36873963475227356,False,0.0,HARD,Melbourne
37,2,18,18,3,-0.36980199813842773,False,0.0,HARD,Melbourne
38,3,1,1,3,-0.02317151241004467,True,19.6411362597724,HARD,Melbourne
39,3,2,2,3,0.13029161095619202,False,0.0,HARD,Melbourne
40,3,3,3,3,-0.4527478516101837,False,0.0,HARD,Melbourne
41,3,4,4,3,-0.5489280223846436,False,0.0,HARD,Melbourne
42,3,5,5,3,-0.5873473286628723,False,0.0,HARD,Melbourne
43,3,6,6,3,-0.5858546495437622,False,0.0,HARD,Melbourne
44,3,7,7,3,-0.5748403668403625,False,0.0,HARD,Melbourne
45,3,8,8,3,-0.4190790057182312,False,0.0,HARD,Melbourne
46,3,9,9,3,-0.416565477848053,False,0.0,HARD,Melbourne
47,3,10,10,3,-0.4084842801094055,False,0.0,HARD,Melbourne
48,3,11,11,3,-0.4055449664592743,False,0.0,HARD,Melbourne
49,3,12,12,3,-0.4055449664592743,False,0.0,HARD,Melbourne
50,3,13,13,3,-0.41829708218574524,False,0.0,HARD,Melbourne
51,3,14,14,3,-0.42249050736427307,False,0.0,HARD,Melbourne
52,3,15,15,3,-0.42249050736427307,False,0.0,HARD,Melbourne
53,3,16,16,3,-0.37157419323921204,False,0.0,HARD,Melbourne
54,3,17,17,3,0.445433109998703,False,0.0,HARD,Melbourne
55,3,18,18,3,0.39818787574768066,False,0.0,HARD,Melbourne
56,3,19,19,3,0.5780684947967529,False,0.0,HARD,Melbourne
57,3,20,20,3,3.765282392501831,False,0.0,HARD,Melbourne
58,3,21,21,3,4.733487129211426,False,0.0,HARD,Melbourne
1,1,1,1,4,3.7493878793569597,False,0.0,MEDIUM,Spielberg
2,1,2,2,4,4.425170858216008,False,0.0,MEDIUM,Spielberg
3,1,3,3,4,4.0694050823305306,False,0.0,MEDIUM,Spielberg
4,1,4,4,4,-0.1614810837925561,False,0.0,MEDIUM,Spielberg
5,1,5,5,4,-0.22509603996517552,False,0.0,MEDIUM,Spielberg
6,1,6,6,4,-0.2378850919617023,False,0.0,MEDIUM,Spielberg
7,1,7,7,4,-0.2378850919617023,False,0.0,MEDIUM,Spielberg
8,1,8,8,4,-0.23996248305933005,False,0.0,MEDIUM,Spielberg
9,1,9,9,4,-0.23936396400907675,False,0.0,MEDIUM,Spielberg
10,1,10,10,4,-0.23936396400907675,False,0.0,MEDIUM,Spielberg
11,1,11,11,4,-0.21292470155104987,False,0.0,MEDIUM,Spielberg
12,1,12,12,4,-0.19973263606659206,False,0.0,MEDIUM,Spielberg
13,1,13,13,4,-0.19078983316493753,False,0.0,MEDIUM,Spielberg
14,1,14,14,4,-0.16766766537149083,False,0.0,MEDIUM,Spielberg
15,1,15,15,4,-0.15496921840275873,False,0.0,MEDIUM,Spielberg
16,1,16,16,4,-0.14450687179197352,False,0.0,MEDIUM,Spielberg
17,1,17,17,4,-0.13275549019684732,False,0.0,MEDIUM,Spielberg
18,1,18,18,4,-0.13275549019684732,False,0.0,MEDIUM,Spielberg
19,2,1,1,4,1.8455136610218428,True,20.85432805579872,MEDIUM,Spielberg
20,2,2,2,4,0.36281894448236396,False,0.0,MEDIUM,Spielberg
21,2,3,3,4,-0.2413851446302447,False,0.0,MEDIUM,Spielberg
22,2,4,4,4,-0.23489196533725873,False,0.0,MEDIUM,Spielberg
23,2,5,5,4,-0.23489196533725873,False,0.0,MEDIUM,Spielberg
24,2,6,6,4,-0.23489196533725873,False,0.0,MEDIUM,Spielberg
25,2,7,7,4,-0.23489196533725873,False,0.0,MEDIUM,Spielberg
26,2,8,8,4,-0.23489196533725873,False,0.0,MEDIUM,Spielberg
27,2,9,9,4,-0.23429344628700544,False,0.0,MEDIUM,Spielberg
28,2,10,10,4,-0.23429344628700544,False,0.0,MEDIUM,Spielberg
29,2,11,11,4,-0.20785418382897855,False,0.0,MEDIUM,Spielberg
30,2,12,12,4,-0.19466211834452074,False,0.0,MEDIUM,Spielberg
31,2,13,13,4,-0.20148835615276298,False,0.0,MEDIUM,Spielberg
32,2,14,14,4,-0.20323687465591894,False,0.0,MEDIUM,Spielberg
33,2,15,15,4,-0.1893552571219999,False,0.0,MEDIUM,Spielberg
34,2,16,16,4,-0.18478592203997654,False,0.0,MEDIUM,Spielberg
35,2,17,17,4,-0.23563814813621645,False,0.0,MEDIUM,Spielberg
36,2,18,18,4,-0.25118502265604825,False,0.0,MEDIUM,Spielberg
37,2,19,19,4,-0.2542397860422502,False,0.0,MEDIUM,Spielberg
38,2,20,20,4,-0.2586883230143297,False,0.0,MEDIUM,Spielberg
39,2,21,21,4,-0.2586883230143297,False,0.0,MEDIUM,Spielberg
40,2,22,22,4,-0.24404096204803988,False,0.0,MEDIUM,Spielberg
41,2,23,23,4,-0.2275203007396328,False,0.0,MEDIUM,Spielberg
42,3,1,1,5,1.972880462379179,True,27.490813432339316,SOFT,Spielberg
43,3,2,2,5,0.035717581230416295,False,0.0,SOFT,Spielberg
44,3,3,3,5,-0.3621318705352316,False,0.0,SOFT,Spielberg
45,3,4,4,5,-0.3556386912422457,False,0.0,SOFT,Spielberg
46,3,5,5,5,-0.3556386912422457,False,0.0,SOFT,Spielberg
47,3,6,6,5,-0.3556386912422457,False,0.0,SOFT,Spielberg
48,3,7,7,5,-0.3556386912422457,False,0.0,SOFT,Spielberg
49,3,8,8,5,-0.3556386912422457,False,0.0,SOFT,Spielberg
50,3,9,9,5,-0.3550401721919924,False,0.0,SOFT,Spielberg
51,3,10,10,5,-0.3550401721919924,False,0.0,SOFT,Spielberg
52,3,11,11,5,-0.3394257707908579,False,0.0,SOFT,Spielberg
53,3,12,12,5,-0.3333466560905127,False,0.0,SOFT,Spielberg
54,3,13,13,5,-0.34393903564107775,False,0.0,SOFT,Spielberg
55,3,14,14,5,-0.3428611889801573,False,0.0,SOFT,Spielberg
56,3,15,15,5,-0.3328343640267091,False,0.0,SOFT,Spielberg
57,3,16,16,5,-0.3301798560063206,False,0.0,SOFT,Spielberg
58,3,17,17,5,-0.318236612724084,False,0.0,SOFT,Spielberg
59,3,18,18,5,-0.318236612724084,False,0.0,SOFT,Spielberg
60,3,19,19,5,-0.318236612724084,False,0.0,SOFT,Spielberg
61,3,20,20,5,-0.3145927919970649,False,0.0,SOFT,Spielberg
62,3,21,21,5,-0.3145927919970649,False,0.0,SOFT,Spielberg
63,3,22,22,5,-0.29994543103077526,False,0.0,SOFT,Spielberg
64,3,23,23,5,-0.2890046907267427,False,0.0,SOFT,Spielberg
65,3,24,24,5,-0.2890046907267427,False,0.0,SOFT,Spielberg
66,3,25,25,5,-0.2890046907267427,False,0.0,SOFT,Spielberg
67,3,26,26,5,-0.2890046907267427,False,0.0,SOFT,Spielberg
68,3,27,27,5,-0.28839251650338954,False,0.0,SOFT,Spielberg
69,3,28,28,5,-0.28839251650338954,False,0.0,SOFT,Spielberg
70,3,29,29,5,-0.28839251650338954,False,0.0,SOFT,Spielberg
71,3,30,30,5,-0.28839251650338954,False,0.0,SOFT,Spielberg
1,1,1,1,2,0.9236191511154175,False,0.0,MEDIUM,Sakhir
2,1,2,2,2,0.7026526927947998,False,0.0,MEDIUM,Sakhir
3,1,3,3,2,0.5136192440986633,False,0.0,MEDIUM,Sakhir
4,1,4,4,2,0.5167796015739441,False,0.0,MEDIUM,Sakhir
5,1,5,5,2,-0.20489199459552765,False,0.0,MEDIUM,Sakhir
6,1,6,6,2,-0.2012374848127365,False,0.0,MEDIUM,Sakhir
7,1,7,7,2,-0.2297753542661667,False,0.0,MEDIUM,Sakhir
8,1,8,8,2,-0.23102585971355438,False,0.0,MEDIUM,Sakhir
9,1,9,9,2,-0.22836671769618988,False,0.0,MEDIUM,Sakhir
10,1,10,10,2,-0.23005464673042297,False,0.0,MEDIUM,Sakhir
11,1,11,11,2,-0.21666842699050903,False,0.0,MEDIUM,Sakhir
12,1,12,12,2,-0.2018657624721527,False,0.0,MEDIUM,Sakhir
13,1,13,13,2,-0.18845385313034058,False,0.0,MEDIUM,Sakhir
14,1,14,14,2,-0.2076929807662964,False,0.0,MEDIUM,Sakhir
15,1,15,15,2,-0.2076929807662964,False,0.0,MEDIUM,Sakhir
16,1,16,16,2,-0.19298769533634186,False,0.0,MEDIUM,Sakhir
17,1,17,17,2,-0.29055050015449524,False,0.0,MEDIUM,Sakhir
18,1,18,18,2,-0.29055050015449524,False,0.0,MEDIUM,Sakhir
19,1,19,19,2,-0.32831329107284546,False,0.0,MEDIUM,Sakhir
20,1,20,20,2,-0.32831329107284546,False,0.0,MEDIUM,Sakhir
21,1,21,21,2,-0.31324100494384766,False,0.0,MEDIUM,Sakhir
22,1,22,22,2,-0.3066657781600952,False,0.0,MEDIUM,Sakhir
23,1,23,23,2,-0.30335816740989685,False,0.0,MEDIUM,Sakhir
24,1,24,24,2,-0.30335816740989685,False,0.0,MEDIUM,Sakhir
25,1,25,25,2,-0.30335816740989685,False,0.0,MEDIUM,Sakhir
26,2,1,1,3,1.9201338291168213,True,25.502782070324034,SOFT,Sakhir
27,2,2,2,3,0.6702315211296082,False,0.0,SOFT,Sakhir
28,2,3,3,3,0.4883520305156708,False,0.0,SOFT,Sakhir
29,2,4,4,3,0.4852841794490814,False,0.0,SOFT,Sakhir
30,2,5,5,3,-0.3446067273616791,False,0.0,SOFT,Sakhir
31,2,6,6,3,-0.33629390597343445,False,0.0,SOFT,Sakhir
32,2,7,7,3,-0.2506479024887085,False,0.0,SOFT,Sakhir
33,2,8,8,3,-0.282959520816803,False,0.0,SOFT,Sakhir
34,2,9,9,3,-0.28188347816467285,False,0.0,SOFT,Sakhir
35,2,10,10,3,-0.2889375686645508,False,0.0,SOFT,Sakhir
36,2,11,11,3,-0.5156466364860535,False,0.0,SOFT,Sakhir
37,2,12,12,3,-0.5392454266548157,False,0.0,SOFT,Sakhir
38,2,13,13,3,-0.5293466448783875,False,0.0,SOFT,Sakhir
39,2,14,14,3,-0.5149712562561035,False,0.0,SOFT,Sakhir
40,2,15,15,3,-0.4662647843360901,False,0.0,SOFT,Sakhir
41,2,16,16,3,-0.4662647843360901,False,0.0,SOFT,Sakhir
42,2,17,17,3,-0.46860218048095703,False,0.0,SOFT,Sakhir
43,2,18,18,3,-0.5491403937339783,False,0.0,SOFT,Sakhir
44,2,19,19,3,-0.518187403678894,False,0.0,SOFT,Sakhir
45,2,20,20,3,-0.3276806175708771,False,0.0,SOFT,Sakhir
46,2,21,21,3,-0.30233141779899597,False,0.0,SOFT,Sakhir
47,2,22,22,3,-0.3069930970668793,False,0.0,SOFT,Sakhir
48,2,23,23,3,-0.298246294260025,False,0.0,SOFT,Sakhir
49,2,24,24,3,-0.22156107425689697,False,0.0,SOFT,Sakhir
50,2,25,25,3,-0.22156107425689697,False,0.0,SOFT,Sakhir
51,2,26,26,3,-0.45454463362693787,False,0.0,SOFT,Sakhir
52,2,27,27,3,-0.4511452615261078,False,0.0,SOFT,Sakhir
53,2,28,28,3,-0.44329431653022766,False,0.0,SOFT,Sakhir
54,2,29,29,3,-0.43883073329925537,False,0.0,SOFT,Sakhir
55,2,30,30,3,-0.4094430208206177,False,0.0,SOFT,Sakhir
56,2,31,31,3,-0.4373830556869507,False,0.0,SOFT,Sakhir
57,2,32,32,3,-0.4373830556869507,False,0.0,SOFT,Sakhir
1,1,1,1,4,4.16356897354126,False,0.0,HARD,Imola
2,1,2,2,4,2.5101635456085205,False,0.0,HARD,Imola
3,1,3,3,4,0.06413758546113968,False,0.0,HARD,Imola
4,1,4,4,4,-0.1455044448375702,False,0.0,HARD,Imola
5,1,5,5,4,-0.14449933171272278,False,0.0,HARD,Imola
6,1,6,6,4,-0.14449933171272278,False,0.0,HARD,Imola
7,1,7,7,4,-0.134518563747406,False,0.0,HARD,Imola
8,1,8,8,4,-0.11233963817358017,False,0.0,HARD,Imola
9,1,9,9,4,-0.1187630221247673,False,0.0,HARD,Imola
10,1,10,10,4,-0.09326497465372086,False,0.0,HARD,Imola
11,1,11,11,4,-0.15187111496925354,False,0.0,HARD,Imola
12,1,12,12,4,-0.11941307038068771,False,0.0,HARD,Imola
13,1,13,13,4,-0.11941307038068771,False,0.0,HARD,Imola
14,1,14,14,4,-0.10953684896230698,False,0.0,HARD,Imola
15,1,15,15,4,-0.04376250132918358,False,0.0,HARD,Imola
16,1,16,16,4,-0.030128205195069313,False,0.0,HARD,Imola
17,1,17,17,4,-0.003550909459590912,False,0.0,HARD,Imola
18,1,18,18,4,-0.01980878971517086,False,0.0,HARD,Imola
19,1,19,19,4,-0.025508316233754158,False,0.0,HARD,Imola
20,1,20,20,4,-0.024559250101447105,False,0.0,HARD,Imola
21,1,21,21,4,0.0403350293636322,False,0.0,HARD,Imola
22,1,22,22,4,0.03805004432797432,False,0.0,HARD,Imola
23,1,23,23,4,0.09245552122592926,False,0.0,HARD,Imola
24,1,24,24,4,0.1577000617980957,False,0.0,HARD,Imola
25,1,25,25,4,-0.21662643551826477,False,0.0,HARD,Imola
26,1,26,26,4,-0.3017978072166443,False,0.0,HARD,Imola
27,1,27,27,4,-0.2706381380558014,False,0.0,HARD,Imola
28,1,28,28,4,-0.26230454444885254,False,0.0,HARD,Imola
29,1,29,29,4,-0.19365601241588593,False,0.0,HARD,Imola
30,1,30,30,4,-0.17341585457324982,False,0.0,HARD,Imola
31,1,31,31,4,-0.29795560240745544,False,0.0,HARD,Imola
32,1,32,32,4,-0.24350883066654205,False,0.0,HARD,Imola
33,2,1,1,6,4.806581497192383,True,30.442549973186033,SOFT,Imola
34,2,2,2,6,2.177593946456909,False,0.0,SOFT,Imola
35,2,3,3,6,-0.2204841524362564,False,0.0,SOFT,Imola
36,2,4,4,6,-0.476692795753479,False,0.0,SOFT,Imola
37,2,5,5,6,-0.4756876528263092,False,0.0,SOFT,Imola
38,2,6,6,6,-0.4790017306804657,False,0.0,SOFT,Imola
39,2,7,7,6,-0.46453845500946045,False,0.0,SOFT,Imola
40,2,8,8,6,-0.44208458065986633,False,0.0,SOFT,Imola
41,2,9,9,6,-0.41913729906082153,False,0.0,SOFT,Imola
42,2,10,10,6,-0.4099525511264801,False,0.0,SOFT,Imola
43,2,11,11,6,-0.4070594608783722,False,0.0,SOFT,Imola
44,2,12,12,6,-0.3716355860233307,False,0.0,SOFT,Imola
45,2,13,13,6,-0.21469585597515106,False,0.0,SOFT,Imola
46,2,14,14,6,0.39064034819602966,False,0.0,SOFT,Imola
47,2,15,15,6,0.6449403762817383,False,0.0,SOFT,Imola
48,2,16,16,6,0.6724697351455688,False,0.0,SOFT,Imola
49,2,17,17,6,0.7267026305198669,False,0.0,SOFT,Imola
50,2,18,18,6,0.7493398785591125,False,0.0,SOFT,Imola
51,2,19,19,6,0.5216354727745056,False,0.0,SOFT,Imola
52,2,20,20,6,0.3613782823085785,False,0.0,SOFT,Imola
53,2,21,21,6,0.3825681805610657,False,0.0,SOFT,Imola
54,2,22,22,6,-0.32353475689888,False,0.0,SOFT,Imola
55,2,23,23,6,-0.33845242857933044,False,0.0,SOFT,Imola
56,2,24,24,6,-0.33845242857933044,False,0.0,SOFT,Imola
57,2,25,25,6,-0.3303772509098053,False,0.0,SOFT,Imola
58,2,26,26,6,-0.3243096172809601,False,0.0,SOFT,Imola
59,2,27,27,6,-0.3243096172809601,False,0.0,SOFT,Imola
60,2,28,28,6,-0.3243096172809601,False,0.0,SOFT,Imola
61,2,29,29,6,-0.3243096172809601,False,0.0,SOFT,Imola
62,2,30,30,6,-0.32004156708717346,False,0.0,SOFT,Imola
63,2,31,31,6,-0.32004156708717346,False,0.0,SOFT,Imola
1,1,1,1,4,4.299708123290323,False,0.0,HARD,Baku
2,1,2,2,4,1.518086287637402,False,0.0,HARD,Baku
3,1,3,3,4,0.16727005880300364,False,0.0,HARD,Baku
4,1,4,4,4,0.22087770040969434,False,0.0,HARD,Baku
5,1,5,5,4,0.19751537420280402,False,0.0,HARD,Baku
6,1,6,6,4,-0.07802700400110459,False,0.0,HARD,Baku
7,1,7,7,4,-0.13090673155364782,False,0.0,HARD,Baku
8,1,8,8,4,-0.13689475929537134,False,0.0,HARD,Baku
9,1,9,9,4,-0.039291931500340015,False,0.0,HARD,Baku
10,1,10,10,4,0.01923878434377996,False,0.0,HARD,Baku
11,1,11,11,4,-0.18527845318083658,False,0.0,HARD,Baku
12,1,12,12,4,-0.16761572208884581,False,0.0,HARD,Baku
13,1,13,13,4,-0.16208213799550059,False,0.0,HARD,Baku
14,1,14,14,4,-0.19169702532287103,False,0.0,HARD,Baku
15,1,15,15,4,-0.1817485118616654,False,0.0,HARD,Baku
16,1,16,16,4,-0.1933201861191799,False,0.0,HARD,Baku
17,1,17,17,4,-0.1846609075437502,False,0.0,HARD,Baku
18,1,18,18,4,-0.20807997372755854,False,0.0,HARD,Baku
19,1,19,19,4,-0.20489687051717917,False,0.0,HARD,Baku
20,1,20,20,4,-0.20489687051717917,False,0.0,HARD,Baku
21,1,21,21,4,-0.20489687051717917,False,0.0,HARD,Baku
22,1,22,22,4,-0.2088028929735576,False,0.0,HARD,Baku
23,2,1,1,4,2.7129569466850514,True,23.255459995030783,HARD,Baku
24,2,2,2,4,1.1475556683735326,False,0.0,HARD,Baku
25,2,3,3,4,-0.3148290024181548,False,0.0,HARD,Baku
26,2,4,4,4,-0.26122136081146413,False,0.0,HARD,Baku
27,2,5,5,4,-0.27887464902017567,False,0.0,HARD,Baku
28,2,6,6,4,-0.431518812061001,False,0.0,HARD,Baku
29,2,7,7,4,-0.4029970057826766,False,0.0,HARD,Baku
30,2,8,8,4,-0.4369388154112948,False,0.0,HARD,Baku
31,2,9,9,4,-0.39533584186239823,False,0.0,HARD,Baku
32,2,10,10,4,-0.36700514744069257,False,0.0,HARD,Baku
33,2,11,11,4,-0.2843742723536307,False,0.0,HARD,Baku
34,2,12,12,4,-0.31530762367604237,False,0.0,HARD,Baku
35,2,13,13,4,-0.33902280900243537,False,0.0,HARD,Baku
36,2,14,14,4,-0.46601368862785875,False,0.0,HARD,Baku
37,2,15,15,4,-0.46158654349388467,False,0.0,HARD,Baku
38,2,16,16,4,-0.46158654349388467,False,0.0,HARD,Baku
39,2,17,17,4,-0.452927264918455,False,0.0,HARD,Baku
40,2,18,18,4,-0.45870198077192625,False,0.0,HARD,Baku
41,2,19,19,4,-0.4619444309670673,False,0.0,HARD,Baku
42,2,20,20,4,-0.4865950814499539,False,0.0,HARD,Baku
43,3,1,1,6,3.5253711428286807,True,22.898934844901945,SOFT,Baku
44,3,2,2,6,2.5742173607180368,False,0.0,SOFT,Baku
45,3,3,3,6,1.0965159794056472,False,0.0,SOFT,Baku
46,3,4,4,6,1.150123621012338,False,0.0,SOFT,Baku
47,3,5,5,6,0.20907811495101755,False,0.0,SOFT,Baku
48,3,6,6,6,-0.38312961466453793,False,0.0,SOFT,Baku
49,3,7,7,6,-0.2870407938225263,False,0.0,SOFT,Baku
50,3,8,8,6,-0.30544956497731923,False,0.0,SOFT,Baku
51,3,9,9,6,-0.25671317255830517,False,0.0,SOFT,Baku
1,1,1,1,4,4.244907855987549,False,0.0,MEDIUM,Mexico City
2,1,2,2,4,0.11737572401762009,False,0.0,MEDIUM,Mexico City
3,1,3,3,4,-0.08206988126039505,False,0.0,MEDIUM,Mexico City
4,1,4,4,4,-0.12451627850532532,False,0.0,MEDIUM,Mexico City
5,1,5,5,4,-0.11314655095338821,False,0.0,MEDIUM,Mexico City
6,1,6,6,4,-0.05754699558019638,False,0.0,MEDIUM,Mexico City
7,1,7,7,4,-0.24477258324623108,False,0.0,MEDIUM,Mexico City
8,1,8,8,4,-0.20647850632667542,False,0.0,MEDIUM,Mexico City
9,1,9,9,4,-0.20647850632667542,False,0.0,MEDIUM,Mexico City
10,1,10,10,4,-0.2397727072238922,False,0.0,MEDIUM,Mexico City
11,1,11,11,4,-0.2397727072238922,False,0.0,MEDIUM,Mexico City
12,1,12,12,4,-0.2397727072238922,False,0.0,MEDIUM,Mexico City
13,1,13,13,4,-0.23918192088603973,False,0.0,MEDIUM,Mexico City
14,1,14,14,4,-0.2439502328634262,False,0.0,MEDIUM,Mexico City
15,1,15,15,4,-0.2439502328634262,False,0.0,MEDIUM,Mexico City
16,1,16,16,4,-0.23874592781066895,False,0.0,MEDIUM,Mexico City
17,1,17,17,4,-0.21798603236675262,False,0.0,MEDIUM,Mexico City
18,2,1,1,4,5.281289577484131,True,20.981043889561715,MEDIUM,Mexico City
19,2,2,2,4,0.3678615093231201,False,0.0,MEDIUM,Mexico City
20,2,3,3,4,-0.2021440863609314,False,0.0,MEDIUM,Mexico City
21,2,4,4,4,-0.1004239097237587,False,0.0,MEDIUM,Mexico City
22,2,5,5,4,-0.18284504115581512,False,0.0,MEDIUM,Mexico City
23,2,6,6,4,-0.22593998908996582,False,0.0,MEDIUM,Mexico City
24,2,7,7,4,-0.2736426293849945,False,0.0,MEDIUM,Mexico City
25,2,8,8,4,-0.2819618284702301,False,0.0,MEDIUM,Mexico City
26,2,9,9,4,-0.28440627455711365,False,0.0,MEDIUM,Mexico City
27,2,10,10,4,-0.2996348440647125,False,0.0,MEDIUM,Mexico City
28,2,11,11,4,-0.29295966029167175,False,0.0,MEDIUM,Mexico City
29,2,12,12,4,-0.29295966029167175,False,0.0,MEDIUM,Mexico City
30,2,13,13,4,-0.30369511246681213,False,0.0,MEDIUM,Mexico City
31,2,14,14,4,-0.3059350550174713,False,0.0,MEDIUM,Mexico City
32,2,15,15,4,-0.2988201677799225,False,0.0,MEDIUM,Mexico City
33,2,16,16,4,-0.27331921458244324,False,0.0,MEDIUM,Mexico City
34,2,17,17,4,-0.2629719078540802,False,0.0,MEDIUM,Mexico City
35,2,18,18,4,-0.2305515557527542,False,0.0,MEDIUM,Mexico City
36,2,19,19,4,-0.20003274083137512,False,0.0,MEDIUM,Mexico City
37,2,20,20,4,-0.29923295974731445,False,0.0,MEDIUM,Mexico City
38,2,21,21,4,-0.2219463437795639,False,0.0,MEDIUM,Mexico City
39,2,22,22,4,0.06202387064695358,False,0.0,MEDIUM,Mexico City
40,3,1,1,5,5.368023872375488,True,26.26729933715918,SOFT,Mexico City
41,3,2,2,5,0.7394011616706848,False,0.0,SOFT,Mexico City
42,3,3,3,5,-0.5154843926429749,False,0.0,SOFT,Mexico City
43,3,4,4,5,-0.3992801606655121,False,0.0,SOFT,Mexico City
44,3,5,5,5,-0.47385621070861816,False,0.0,SOFT,Mexico City
45,3,6,6,5,-0.5169510245323181,False,0.0,SOFT,Mexico City
46,3,7,7,5,-0.511982798576355,False,0.0,SOFT,Mexico City
47,3,8,8,5,-0.5163326859474182,False,0.0,SOFT,Mexico City
48,3,9,9,5,-0.5163326859474182,False,0.0,SOFT,Mexico City
49,3,10,10,5,-0.5163326859474182,False,0.0,SOFT,Mexico City
50,3,11,11,5,-0.502505898475647,False,0.0,SOFT,Mexico City
51,3,12,12,5,-0.5070282816886902,False,0.0,SOFT,Mexico City
52,3,13,13,5,-0.5507116317749023,False,0.0,SOFT,Mexico City
53,3,14,14,5,-0.5570451021194458,False,0.0,SOFT,Mexico City
54,3,15,15,5,-0.5441941618919373,False,0.0,SOFT,Mexico City
55,3,16,16,5,-0.5409598350524902,False,0.0,SOFT,Mexico City
56,3,17,17,5,-0.5341995358467102,False,0.0,SOFT,Mexico City
57,3,18,18,5,-0.5017791390419006,False,0.0,SOFT,Mexico City
58,3,19,19,5,-0.5017791390419006,False,0.0,SOFT,Mexico City
59,3,20,20,5,-0.4947318434715271,False,0.0,SOFT,Mexico City
60,3,21,21,5,-0.4148125648498535,False,0.0,SOFT,Mexico City
61,3,22,22,5,-0.4466009736061096,False,0.0,SOFT,Mexico City
62,3,23,23,5,-0.4466009736061096,False,0.0,SOFT,Mexico City
63,3,24,24,5,-0.4386858344078064,False,0.0,SOFT,Mexico City
64,3,25,25,5,-0.3434339463710785,False,0.0,SOFT,Mexico City
65,3,26,26,5,-0.330837219953537,False,0.0,SOFT,Mexico City
66,3,27,27,5,-0.428254097700119,False,0.0,SOFT,Mexico City
67,3,28,28,5,-0.428254097700119,False,0.0,SOFT,Mexico City
68,3,29,29,5,-0.41797757148742676,False,0.0,SOFT,Mexico City
69,3,30,30,5,-0.41797757148742676,False,0.0,SOFT,Mexico City
70,3,31,31,5,-0.2361910045146942,False,0.0,SOFT,Mexico City
71,3,32,32,5,-0.3281625211238861,False,0.0,SOFT,Mexico City
1,1,1,1,5,2.222444598905795,False,0.0,SOFT,Jeddah
2,1,2,2,5,1.0766358354720271,False,0.0,SOFT,Jeddah
3,1,3,3,5,0.2712149212923953,False,0.0,SOFT,Jeddah
4,1,4,4,5,0.4128051316947756,False,0.0,SOFT,Jeddah
5,1,5,5,5,0.029693175191819337,False,0.0,SOFT,Jeddah
6,1,6,6,5,0.07176836383420143,False,0.0,SOFT,Jeddah
7,1,7,7,5,0.08304841609875825,False,0.0,SOFT,Jeddah
8,1,8,8,5,0.0799046396845657,False,0.0,SOFT,Jeddah
9,1,9,9,5,0.09172312832146205,False,0.0,SOFT,Jeddah
10,1,10,10,5,0.0735020455502307,False,0.0,SOFT,Jeddah
11,1,11,11,5,0.08559093063592886,False,0.0,SOFT,Jeddah
12,1,12,12,5,0.09166104710609393,False,0.0,SOFT,Jeddah
13,1,13,13,5,0.07787041134023791,False,0.0,SOFT,Jeddah
14,1,14,14,5,0.07265476149159189,False,0.0,SOFT,Jeddah
15,1,15,15,5,0.06434918637872551,False,0.0,SOFT,Jeddah
16,1,16,16,5,0.17154174322604876,False,0.0,SOFT,Jeddah
17,1,17,17,5,0.9234111799674815,False,0.0,SOFT,Jeddah
18,2,1,1,3,2.593961789182766,True,15.77452612130234,HARD,Jeddah
19,2,2,2,3,2.6598811913182985,False,0.0,HARD,Jeddah
20,2,3,3,3,2.6523156780001402,False,0.0,HARD,Jeddah
21,2,4,4,3,0.4073975297307021,False,0.0,HARD,Jeddah
22,2,5,5,3,-0.16128064906695191,False,0.0,HARD,Jeddah
23,2,6,6,3,-0.11125174135613745,False,0.0,HARD,Jeddah
24,2,7,7,3,-0.15357886847587768,False,0.0,HARD,Jeddah
25,2,8,8,3,-0.15788603156886152,False,0.0,HARD,Jeddah
26,2,9,9,3,-0.14025944407457808,False,0.0,HARD,Jeddah
27,2,10,10,3,-0.18215404195191415,False,0.0,HARD,Jeddah
28,2,11,11,3,-0.18215404195191415,False,0.0,HARD,Jeddah
29,2,12,12,3,-0.1834327803020052,False,0.0,HARD,Jeddah
30,2,13,13,3,-0.19126375531437362,False,0.0,HARD,Jeddah
31,2,14,14,3,-0.2013723593601861,False,0.0,HARD,Jeddah
32,2,15,15,3,-0.2067894943639379,False,0.0,HARD,Jeddah
33,2,16,16,3,-0.2067894943639379,False,0.0,HARD,Jeddah
34,2,17,17,3,-0.21618823547883023,False,0.0,HARD,Jeddah
35,2,18,18,3,-0.21618823547883023,False,0.0,HARD,Jeddah
36,2,19,19,3,-0.21618823547883023,False,0.0,HARD,Jeddah
37,2,20,20,3,-0.1971301603410745,False,0.0,HARD,Jeddah
38,2,21,21,3,-0.19500245731511898,False,0.0,HARD,Jeddah
39,2,22,22,3,-0.19549323060795679,False,0.0,HARD,Jeddah
40,2,23,23,3,-0.19549323060795679,False,0.0,HARD,Jeddah
41,2,24,24,3,-0.24209075447776884,False,0.0,HARD,Jeddah
42,2,25,25,3,-0.24524980678297778,False,0.0,HARD,Jeddah
43,2,26,26,3,-0.24622405232205274,False,0.0,HARD,Jeddah
44,2,27,27,3,-0.2499560061412769,False,0.0,HARD,Jeddah
45,2,28,28,3,-0.256442821396308,False,0.0,HARD,Jeddah
46,2,29,29,3,-0.256442821396308,False,0.0,HARD,Jeddah
47,2,30,30,3,-0.2583121728339234,False,0.0,HARD,Jeddah
48,2,31,31,3,-0.2565002844357106,False,0.0,HARD,Jeddah
49,2,32,32,3,-0.26548485911771014,False,0.0,HARD,Jeddah
50,2,33,33,3,-0.3010986275657552,False,0.0,HARD,Jeddah
1,1,1,1,3,2.051980065454746,False,0.0,HARD,Yas Marina Circuit
2,1,2,2,3,3.2382941684734154,False,0.0,HARD,Yas Marina Circuit
3,1,3,3,3,-0.07344710821682436,False,0.0,HARD,Yas Marina Circuit
4,1,4,4,3,-0.07344710821682436,False,0.0,HARD,Yas Marina Circuit
5,1,5,5,3,-0.07344710821682436,False,0.0,HARD,Yas Marina Circuit
6,1,6,6,3,-0.07344710821682436,False,0.0,HARD,Yas Marina Circuit
7,1,7,7,3,-0.07405084172426263,False,0.0,HARD,Yas Marina Circuit
8,1,8,8,3,-0.07249822136523464,False,0.0,HARD,Yas Marina Circuit
9,1,9,9,3,-0.07249822136523464,False,0.0,HARD,Yas Marina Circuit
10,1,10,10,3,-0.06020937121188446,False,0.0,HARD,Yas Marina Circuit
11,1,11,11,3,-0.05662421194334202,False,0.0,HARD,Yas Marina Circuit
12,1,12,12,3,-0.05662421194334202,False,0.0,HARD,Yas Marina Circuit
13,1,13,13,3,-0.05662421194334202,False,0.0,HARD,Yas Marina Circuit
14,1,14,14,3,-0.05662421194334202,False,0.0,HARD,Yas Marina Circuit
15,1,15,15,3,-0.05662421194334202,False,0.0,HARD,Yas Marina Circuit
16,1,16,16,3,-0.05646832994496859,False,0.0,HARD,Yas Marina Circuit
17,1,17,17,3,-0.07443533584365125,False,0.0,HARD,Yas Marina Circuit
18,1,18,18,3,-0.08643393935149707,False,0.0,HARD,Yas Marina Circuit
19,1,19,19,3,-0.08381338839459244,False,0.0,HARD,Yas Marina Circuit
20,1,20,20,3,-0.08381338839459244,False,0.0,HARD,Yas Marina Circuit
21,1,21,21,3,-0.08160901844702291,False,0.0,HARD,Yas Marina Circuit
22,1,22,22,3,-0.08160901844702291,False,0.0,HARD,Yas Marina Circuit
23,1,23,23,3,-0.02938634287356772,False,0.0,HARD,Yas Marina Circuit
24,1,24,24,3,-0.031731468521239925,False,0.0,HARD,Yas Marina Circuit
25,1,25,25,3,-0.04517936917928185,False,0.0,HARD,Yas Marina Circuit
26,1,26,26,3,-0.04972594897176855,False,0.0,HARD,Yas Marina Circuit
27,1,27,27,3,-0.06084842998979347,False,0.0,HARD,Yas Marina Circuit
28,1,28,28,3,-0.06084842998979347,False,0.0,HARD,Yas Marina Circuit
29,1,29,29,3,-0.07723199050481111,False,0.0,HARD,Yas Marina Circuit
30,1,30,30,3,-0.07723199050481111,False,0.0,HARD,Yas Marina Circuit
31,1,31,31,3,-0.15125862250577116,False,0.0,HARD,Yas Marina Circuit
32,1,32,32,3,-0.15761310764262362,False,0.0,HARD,Yas Marina Circuit
33,1,33,33,3,-0.1618899171385514,False,0.0,HARD,Yas Marina Circuit
34,1,34,34,3,-0.16540364166451438,False,0.0,HARD,Yas Marina Circuit
35,2,1,1,4,5.037107972719487,True,26.197249324643483,MEDIUM,Yas Marina Circuit
36,2,2,2,4,2.181598016973062,False,0.0,MEDIUM,Yas Marina Circuit
37,2,3,3,4,-0.296293186994828,False,0.0,MEDIUM,Yas Marina Circuit
38,2,4,4,4,-0.296293186994828,False,0.0,MEDIUM,Yas Marina Circuit
39,2,5,5,4,-0.3293422144180117,False,0.0,MEDIUM,Yas Marina Circuit
40,2,6,6,4,-0.34846663188648763,False,0.0,MEDIUM,Yas Marina Circuit
41,2,7,7,4,-0.38836263936025617,False,0.0,MEDIUM,Yas Marina Circuit
42,2,8,8,4,-0.41449640480704647,False,0.0,MEDIUM,Yas Marina Circuit
43,2,9,9,4,-0.41449640480704647,False,0.0,MEDIUM,Yas Marina Circuit
44,2,10,10,4,-0.3944252985226026,False,0.0,MEDIUM,Yas Marina Circuit
45,2,11,11,4,-0.3796543706970614,False,0.0,MEDIUM,Yas Marina Circuit
46,2,12,12,4,-0.36090752338658305,False,0.0,MEDIUM,Yas Marina Circuit
47,2,13,13,4,-0.35774024119332254,False,0.0,MEDIUM,Yas Marina Circuit
48,2,14,14,4,-0.34523323949275925,False,0.0,MEDIUM,Yas Marina Circuit
49,2,15,15,4,-0.32733389224005066,False,0.0,MEDIUM,Yas Marina Circuit
50,2,16,16,4,-0.2768846356711421,False,0.0,MEDIUM,Yas Marina Circuit
51,2,17,17,4,-0.25563854091176236,False,0.0,MEDIUM,Yas Marina Circuit
52,2,18,18,4,-0.2506254639315477,False,0.0,MEDIUM,Yas Marina Circuit
53,2,19,19,4,-0.2472390041807112,False,0.0,MEDIUM,Yas Marina Circuit
54,2,20,20,4,-0.22642884526185597,False,0.0,MEDIUM,Yas Marina Circuit
55,2,21,21,4,-0.21560871377576382,False,0.0,MEDIUM,Yas Marina Circuit
56,2,22,22,4,-0.21560871377576382,False,0.0,MEDIUM,Yas Marina Circuit
57,2,23,23,4,-0.19691996033151107,False,0.0,MEDIUM,Yas Marina Circuit
58,2,24,24,4,-0.19691996033151107,False,0.0,MEDIUM,Yas Marina Circuit
1,1,1,1,3,2.7630984783172607,False,0.0,HARD,Las Vegas
2,1,2,2,3,3.07198429107666,False,0.0,HARD,Las Vegas
3,1,3,3,3,0.036009274423122406,False,0.0,HARD,Las Vegas
4,1,4,4,3,-0.181369811296463,False,0.0,HARD,Las Vegas
5,1,5,5,3,-0.1977313905954361,False,0.0,HARD,Las Vegas
6,1,6,6,3,-0.1974153220653534,False,0.0,HARD,Las Vegas
7,1,7,7,3,-0.19879150390625,False,0.0,HARD,Las Vegas
8,1,8,8,3,-0.19157201051712036,False,0.0,HARD,Las Vegas
9,1,9,9,3,-0.18934962153434753,False,0.0,HARD,Las Vegas
10,1,10,10,3,-0.1388901025056839,False,0.0,HARD,Las Vegas
11,1,11,11,3,-0.21555353701114655,False,0.0,HARD,Las Vegas
12,1,12,12,3,-0.15584295988082886,False,0.0,HARD,Las Vegas
13,1,13,13,3,-0.16038331389427185,False,0.0,HARD,Las Vegas
14,1,14,14,3,-0.15027815103530884,False,0.0,HARD,Las Vegas
15,1,15,15,3,-0.15494072437286377,False,0.0,HARD,Las Vegas
16,1,16,16,3,-0.1465892195701599,False,0.0,HARD,Las Vegas
17,1,17,17,3,-0.21994461119174957,False,0.0,HARD,Las Vegas
18,1,18,18,3,-0.21994461119174957,False,0.0,HARD,Las Vegas
19,1,19,19,3,-0.2677842080593109,False,0.0,HARD,Las Vegas
20,1,20,20,3,-0.2552441358566284,False,0.0,HARD,Las Vegas
21,1,21,21,3,-0.2945093512535095,False,0.0,HARD,Las Vegas
22,1,22,22,3,-0.2937919795513153,False,0.0,HARD,Las Vegas
23,1,23,23,3,-0.27945229411125183,False,0.0,HARD,Las Vegas
24,1,24,24,3,-0.25648951530456543,False,0.0,HARD,Las Vegas
25,1,25,25,3,-0.25286635756492615,False,0.0,HARD,Las Vegas
26,2,1,1,4,2.0548737049102783,True,20.36660834686954,MEDIUM,Las Vegas
27,2,2,2,4,2.04897141456604,False,0.0,MEDIUM,Las Vegas
28,2,3,3,4,0.7542920112609863,False,0.0,MEDIUM,Las Vegas
29,2,4,4,4,0.41582176089286804,False,0.0,MEDIUM,Las Vegas
30,2,5,5,4,-0.40914061665534973,False,0.0,MEDIUM,Las Vegas
31,2,6,6,4,-0.4426674544811249,False,0.0,MEDIUM,Las Vegas
32,2,7,7,4,-0.4582870602607727,False,0.0,MEDIUM,Las Vegas
33,2,8,8,4,-0.49726882576942444,False,0.0,MEDIUM,Las Vegas
34,2,9,9,4,-0.4934549629688263,False,0.0,MEDIUM,Las Vegas
35,2,10,10,4,-0.5071477890014648,False,0.0,MEDIUM,Las Vegas
36,2,11,11,4,-0.5152484178543091,False,0.0,MEDIUM,Las Vegas
37,2,12,12,4,-0.48999494314193726,False,0.0,MEDIUM,Las Vegas
38,2,13,13,4,-0.49913254380226135,False,0.0,MEDIUM,Las Vegas
39,2,14,14,4,-0.5083602666854858,False,0.0,MEDIUM,Las Vegas
40,2,15,15,4,-0.5203981399536133,False,0.0,MEDIUM,Las Vegas
41,2,16,16,4,-0.5203981399536133,False,0.0,MEDIUM,Las Vegas
42,2,17,17,4,-0.5583022236824036,False,0.0,MEDIUM,Las Vegas
43,2,18,18,4,-0.5745121836662292,False,0.0,MEDIUM,Las Vegas
44,2,19,19,4,-0.5544302463531494,False,0.0,MEDIUM,Las Vegas
45,2,20,20,4,-0.5478012561798096,False,0.0,MEDIUM,Las Vegas
46,2,21,21,4,-0.5649845600128174,False,0.0,MEDIUM,Las Vegas
47,2,22,22,4,-0.5603213310241699,False,0.0,MEDIUM,Las Vegas
48,2,23,23,4,-0.5678160786628723,False,0.0,MEDIUM,Las Vegas
49,2,24,24,4,-0.6008166074752808,False,0.0,MEDIUM,Las Vegas
50,2,25,25,4,-0.6731781959533691,False,0.0,MEDIUM,Las Vegas
